secret,random,blank,pg-possible,pg-any,greedy-avg_left,greedy-entropy,planner
aback,3.800,7.000,5.000,4.000,4.000,4.000,5.000
abase,4.200,8.000,3.000,3.000,4.000,3.000,3.000
abate,3.800,7.000,4.000,4.000,3.000,3.000,3.000
abbey,4.400,4.000,3.900,4.000,3.000,4.000,4.000
abbot,4.200,6.000,4.000,4.000,3.000,3.000,4.000
abhor,4.200,5.000,3.600,4.000,3.000,4.000,3.000
abide,4.200,4.000,4.000,3.000,3.000,3.000,3.000
abled,3.800,3.000,3.200,3.000,3.000,3.000,3.000
abode,4.600,6.000,3.000,4.000,3.000,3.000,4.000
abort,4.000,6.000,3.800,3.000,2.000,3.000,3.000
about,3.600,6.000,3.000,3.000,3.000,3.000,4.000
above,4.200,7.000,4.000,4.000,3.000,3.000,4.000
abuse,3.400,6.000,4.000,3.000,3.000,3.000,3.000
abyss,4.200,4.000,3.000,3.000,4.000,3.000,3.000
acorn,4.600,6.000,3.800,3.000,3.000,3.000,3.000
acrid,3.800,3.000,3.000,3.000,3.000,3.000,4.000
actor,3.800,5.000,3.100,3.000,3.000,4.000,3.000
acute,3.600,4.000,2.200,3.000,3.000,3.000,3.000
adage,4.400,4.000,3.800,4.000,4.000,3.000,4.000
adapt,3.800,3.000,3.800,3.000,3.000,3.000,3.000
adept,3.600,4.000,3.800,3.000,3.000,3.000,3.000
admin,4.000,6.000,3.200,4.000,3.000,3.000,3.000
admit,3.400,6.000,3.100,4.000,3.000,3.000,3.000
adobe,4.800,4.000,4.000,3.000,3.000,3.000,4.000
adopt,3.400,4.000,3.300,3.000,3.000,4.000,3.000
adore,4.000,5.000,4.700,3.000,2.000,2.000,4.000
adorn,3.600,5.000,4.800,3.000,3.000,3.000,4.000
adult,4.400,3.000,4.000,4.000,4.000,4.000,3.000
affix,4.400,6.000,4.000,4.000,4.000,3.000,4.000
afire,4.200,6.000,3.900,2.000,3.000,2.000,3.000
afoot,4.800,5.000,4.000,4.000,4.000,3.000,3.000
afoul,4.000,4.000,3.200,3.000,3.000,3.000,4.000
after,3.600,6.000,3.000,3.000,4.000,3.000,4.000
again,4.200,7.000,3.000,4.000,3.000,3.000,3.000
agape,4.000,4.000,4.000,3.000,3.000,4.000,3.000
agate,4.400,6.000,3.400,3.000,4.000,3.000,3.000
agent,4.600,6.000,4.800,4.000,4.000,3.000,3.000
agile,4.000,6.000,3.800,3.000,4.000,3.000,3.000
aging,4.200,8.000,4.000,3.000,3.000,3.000,3.000
aglow,3.400,7.000,4.000,4.000,3.000,3.000,4.000
agony,3.600,5.000,3.000,4.000,3.000,3.000,4.000
agora,4.200,6.000,4.000,3.000,3.000,3.000,4.000
agree,4.000,6.000,3.100,3.000,3.000,3.000,3.000
ahead,4.000,5.000,3.800,3.000,3.000,3.000,3.000
aider,5.000,5.000,3.700,2.000,4.000,4.000,4.000
aisle,4.800,6.000,2.800,2.000,3.000,3.000,3.000
alarm,4.200,5.000,4.200,4.000,4.000,3.000,3.000
album,3.800,4.000,3.100,3.000,4.000,4.000,4.000
alert,3.400,4.000,2.000,4.000,3.000,3.000,4.000
algae,3.800,6.000,3.800,3.000,4.000,3.000,3.000
alibi,4.200,6.000,4.100,3.000,3.000,3.000,4.000
alien,4.000,4.000,3.000,2.000,3.000,3.000,3.000
align,3.200,6.000,3.100,3.000,3.000,3.000,3.000
alike,4.800,7.000,2.200,3.000,3.000,3.000,4.000
alive,4.200,7.000,3.200,3.000,4.000,4.000,3.000
allay,3.800,5.000,4.800,4.000,4.000,3.000,4.000
alley,3.800,3.000,3.000,4.000,4.000,4.000,4.000
allot,4.200,6.000,3.000,4.000,3.000,3.000,4.000
allow,4.000,6.000,4.200,4.000,4.000,3.000,3.000
alloy,3.800,4.000,3.000,4.000,4.000,4.000,4.000
aloft,3.400,6.000,3.200,4.000,3.000,4.000,3.000
alone,3.600,5.000,3.000,3.000,3.000,3.000,3.000
along,4.200,6.000,2.800,4.000,3.000,3.000,3.000
aloof,4.400,5.000,3.800,4.000,4.000,3.000,3.000
aloud,3.600,3.000,3.200,4.000,4.000,4.000,4.000
alpha,4.200,4.000,4.000,4.000,3.000,4.000,4.000
altar,3.800,6.000,3.000,4.000,3.000,3.000,3.000
alter,3.400,5.000,3.000,4.000,3.000,3.000,3.000
amass,4.000,6.000,4.000,3.000,4.000,3.000,3.000
amaze,3.800,6.000,5.600,4.000,3.000,3.000,3.000
amber,4.000,6.000,3.000,4.000,3.000,4.000,4.000
amble,4.000,5.000,3.200,3.000,3.000,4.000,4.000
amend,3.200,5.000,3.700,4.000,4.000,4.000,3.000
amiss,4.000,6.000,3.000,2.000,3.000,3.000,3.000
amity,4.000,6.000,3.200,3.000,3.000,3.000,3.000
among,3.400,5.000,4.000,3.000,4.000,4.000,4.000
ample,3.600,6.000,3.000,4.000,4.000,3.000,4.000
amply,3.400,5.000,3.800,3.000,4.000,4.000,4.000
amuse,4.200,5.000,3.000,3.000,3.000,3.000,3.000
angel,3.600,7.000,3.800,3.000,3.000,3.000,3.000
anger,4.000,6.000,4.600,3.000,4.000,4.000,3.000
angle,3.800,6.000,2.800,3.000,3.000,4.000,2.000
angry,4.200,6.000,3.800,3.000,3.000,3.000,3.000
angst,3.200,6.000,3.200,3.000,3.000,3.000,2.000
anime,4.600,5.000,3.900,3.000,3.000,4.000,3.000
ankle,4.000,6.000,3.800,4.000,4.000,4.000,3.000
annex,4.600,6.000,3.000,3.000,3.000,3.000,3.000
annoy,3.800,5.000,3.000,4.000,3.000,3.000,4.000
annul,3.800,6.000,4.000,3.000,4.000,4.000,4.000
anode,4.000,6.000,3.000,3.000,3.000,3.000,4.000
antic,3.000,7.000,3.200,3.000,3.000,3.000,3.000
anvil,3.600,6.000,3.200,3.000,3.000,3.000,3.000
aorta,4.000,6.000,3.000,3.000,2.000,3.000,3.000
apart,3.800,6.000,4.800,4.000,3.000,3.000,3.000
aphid,4.400,5.000,3.200,3.000,4.000,4.000,4.000
aping,4.800,5.000,3.000,4.000,4.000,4.000,4.000
apnea,3.600,4.000,3.300,3.000,4.000,3.000,4.000
apple,3.800,5.000,3.200,3.000,4.000,4.000,3.000
apply,4.000,5.000,3.800,4.000,4.000,4.000,4.000
apron,3.600,6.000,3.000,3.000,3.000,3.000,3.000
aptly,3.400,5.000,3.900,4.000,3.000,4.000,3.000
arbor,3.400,7.000,3.400,4.000,4.000,3.000,3.000
ardor,3.600,4.000,4.000,4.000,4.000,4.000,4.000
arena,4.400,6.000,3.900,4.000,4.000,3.000,4.000
argue,3.400,5.000,3.000,3.000,3.000,3.000,3.000
arise,3.200,7.000,2.200,2.000,3.000,2.000,3.000
armor,4.000,6.000,3.400,4.000,3.000,3.000,3.000
aroma,4.400,5.000,3.200,3.000,3.000,3.000,3.000
arose,4.400,6.000,3.000,2.000,3.000,2.000,2.000
array,4.200,6.000,3.800,4.000,3.000,3.000,3.000
arrow,4.200,7.000,3.200,4.000,4.000,3.000,3.000
arson,3.400,6.000,3.000,4.000,4.000,2.000,3.000
artsy,4.200,5.000,2.000,3.000,3.000,3.000,2.000
ascot,3.000,6.000,3.000,3.000,3.000,2.000,3.000
ashen,2.800,5.000,3.000,4.000,3.000,3.000,3.000
aside,3.800,6.000,3.200,2.000,3.000,4.000,3.000
askew,4.000,7.000,2.000,3.000,4.000,3.000,3.000
assay,3.800,6.000,3.000,3.000,4.000,3.000,3.000
asset,3.600,7.000,2.000,3.000,3.000,3.000,2.000
atoll,4.000,6.000,3.000,4.000,3.000,3.000,3.000
atone,3.800,6.000,2.000,3.000,2.000,3.000,3.000
attic,3.000,7.000,2.900,3.000,3.000,3.000,3.000
audio,3.400,3.000,3.900,3.000,3.000,4.000,3.000
audit,4.200,3.000,4.000,3.000,4.000,4.000,3.000
augur,4.000,6.000,4.000,4.000,3.000,4.000,4.000
aunty,3.800,6.000,3.800,4.000,3.000,3.000,3.000
avail,4.200,8.000,4.000,4.000,3.000,3.000,4.000
avert,3.400,9.000,3.800,3.000,3.000,3.000,3.000
avian,3.800,7.000,4.200,3.000,3.000,3.000,3.000
avoid,4.400,5.000,3.100,4.000,4.000,4.000,4.000
await,4.000,7.000,3.000,3.000,3.000,3.000,3.000
awake,4.600,7.000,4.100,4.000,4.000,4.000,3.000
award,4.400,7.000,5.000,3.000,4.000,3.000,3.000
aware,3.600,7.000,3.000,4.000,4.000,3.000,4.000
awash,4.800,9.000,5.000,4.000,4.000,3.000,3.000
awful,3.800,6.000,4.000,4.000,4.000,4.000,4.000
awoke,3.800,7.000,4.000,4.000,3.000,3.000,4.000
axial,4.000,8.000,4.200,3.000,4.000,4.000,3.000
axiom,4.600,5.000,3.200,3.000,3.000,4.000,3.000
axion,3.400,6.000,3.200,3.000,3.000,4.000,3.000
azure,4.200,5.000,2.900,4.000,3.000,3.000,5.000
bacon,4.800,5.000,3.800,3.000,3.000,3.000,3.000
badge,3.600,5.000,3.300,3.000,4.000,3.000,4.000
badly,3.800,4.000,4.000,3.000,4.000,4.000,4.000
bagel,4.200,8.000,3.000,3.200,3.000,4.000,3.000
baggy,5.800,6.000,4.000,4.000,4.000,4.000,4.000
baker,3.800,8.000,4.600,4.000,3.000,5.000,4.000
baler,5.000,6.000,3.500,4.000,3.000,3.000,4.000
balmy,5.200,6.000,3.800,4.000,3.000,4.000,3.000
banal,4.400,6.000,3.800,3.000,3.000,4.000,4.000
banjo,3.800,6.000,3.100,4.000,3.000,3.000,4.000
barge,5.000,6.000,2.100,3.000,3.000,3.000,3.000
baron,3.800,6.000,3.800,4.000,3.000,3.000,3.000
basal,4.200,8.000,3.000,3.000,3.000,3.000,4.000
basic,4.200,6.000,3.000,3.000,3.000,4.000,3.000
basil,5.400,8.000,2.000,3.000,3.000,3.000,3.000
basin,4.600,8.000,2.400,3.000,3.000,3.000,3.000
basis,3.400,5.000,4.200,3.000,4.000,4.000,4.000
baste,5.400,8.000,3.000,4.000,3.000,4.000,4.000
batch,5.600,8.000,4.200,3.000,4.000,4.000,4.000
bathe,2.400,6.000,3.000,3.000,2.000,3.000,3.000
baton,3.800,6.000,3.700,3.000,3.000,3.000,3.000
batty,4.600,7.000,3.400,3.000,4.000,4.000,4.000
bawdy,4.800,6.000,3.000,4.000,4.000,4.000,4.000
bayou,4.000,3.000,3.000,3.000,3.000,4.000,3.000
beach,4.800,7.000,4.200,4.000,3.000,3.000,3.000
beady,3.600,5.000,3.000,4.000,3.000,3.000,3.000
beard,4.800,6.000,3.000,4.000,3.000,3.000,3.000
beast,3.400,6.000,3.000,3.000,3.000,3.000,3.000
beech,4.600,4.000,3.800,4.000,4.000,3.000,3.000
beefy,3.600,5.000,4.000,3.000,4.000,4.000,4.000
befit,4.000,6.000,3.800,3.000,4.000,3.000,3.000
began,3.800,7.000,4.700,3.000,3.000,3.000,4.000
begat,4.000,6.000,3.800,3.000,4.000,3.000,2.000
beget,4.200,5.000,4.100,3.000,3.000,3.000,3.000
begin,4.200,7.000,3.800,3.000,4.000,3.000,4.000
begun,3.200,4.000,4.000,4.000,4.000,4.000,4.000
being,4.000,7.000,3.100,4.000,4.000,4.000,4.000
belch,4.200,7.000,3.800,4.000,3.000,3.000,4.000
belie,3.800,5.000,3.000,3.000,3.000,3.000,4.000
belle,3.800,4.000,3.300,4.000,4.000,3.000,5.000
belly,4.600,7.000,4.800,4.000,4.000,4.000,3.000
below,4.400,6.000,3.000,4.000,3.000,3.000,4.000
bench,3.800,7.000,4.100,4.000,4.000,3.000,4.000
beret,4.000,6.000,3.900,4.000,3.000,3.000,2.000
berry,4.000,7.000,4.800,4.000,4.000,3.000,4.000
berth,4.400,6.000,4.400,4.000,2.000,4.000,3.000
beset,4.200,6.000,3.000,4.000,3.000,3.000,2.000
betel,3.200,7.000,3.200,3.000,3.000,3.000,3.000
bevel,5.200,8.000,4.000,3.000,3.000,3.000,3.000
bezel,4.000,5.000,4.200,4.000,4.000,4.000,4.000
bible,4.200,7.000,3.000,3.000,4.000,3.000,4.000
bicep,3.600,3.000,3.200,3.000,3.000,3.000,3.000
biddy,5.000,5.000,4.800,4.000,4.000,4.000,4.000
bigot,4.200,6.000,3.800,3.000,4.000,3.000,3.000
bilge,4.000,7.000,2.300,3.000,3.000,3.000,3.000
billy,4.800,8.000,5.200,4.000,4.000,5.000,4.000
binge,4.000,6.000,3.200,4.000,3.000,3.000,4.000
bingo,4.400,6.000,3.000,4.000,3.000,3.000,4.000
biome,3.600,6.000,4.000,3.000,3.000,3.000,4.000
birch,4.200,5.000,3.200,3.000,3.000,3.000,4.000
birth,4.000,6.000,3.800,3.000,3.000,3.000,3.000
bison,3.800,5.000,3.800,4.000,3.000,3.000,3.000
bitty,4.600,8.000,4.900,4.000,4.000,5.000,5.800
black,4.600,6.000,4.000,4.000,4.000,3.000,4.000
blade,4.000,5.000,3.800,4.000,4.000,4.000,4.000
blame,4.800,6.000,3.200,4.000,3.000,4.000,3.000
bland,4.200,4.000,3.000,3.000,4.000,3.000,3.000
blank,4.000,6.000,5.000,4.000,4.000,4.000,3.000
blare,4.800,5.000,2.200,4.000,3.000,3.000,3.000
blast,3.200,6.000,2.200,4.000,3.000,3.000,3.000
blaze,6.000,6.000,5.000,4.000,4.000,3.000,4.000
bleak,4.400,7.000,5.000,4.000,3.000,4.000,4.000
bleat,4.400,7.000,4.800,3.000,3.000,4.000,3.000
bleed,4.200,3.000,4.900,4.000,4.000,3.000,4.000
bleep,3.800,4.000,3.100,3.000,3.000,3.000,4.000
blend,3.800,3.000,3.100,3.000,3.000,3.000,3.000
bless,3.600,4.000,3.200,3.000,3.000,3.000,4.000
blimp,4.000,4.000,3.800,4.000,3.000,3.000,3.000
blind,4.000,4.000,3.900,4.000,4.000,3.000,4.000
blink,4.400,6.000,3.700,3.000,4.000,4.000,3.000
bliss,3.200,5.000,3.900,3.000,3.000,3.000,3.000
blitz,4.000,5.000,3.200,3.000,3.000,3.000,4.000
bloat,3.800,6.000,3.200,4.000,2.000,4.000,4.000
block,4.600,4.000,3.200,4.000,4.000,3.000,3.000
bloke,4.400,5.000,4.000,4.000,3.000,3.000,4.000
blond,4.400,4.000,3.300,3.000,4.000,3.000,3.000
blood,4.200,5.000,4.200,4.000,3.000,3.000,4.000
bloom,4.200,6.000,4.100,4.000,4.000,4.000,3.000
blown,3.600,6.000,3.700,4.000,4.000,3.000,3.000
bluer,4.400,3.000,4.900,4.000,4.000,4.000,4.000
bluff,4.800,5.000,3.200,3.000,4.000,3.000,4.000
blunt,3.800,5.000,3.000,4.000,3.000,3.000,3.000
blurb,4.000,5.000,4.000,3.000,3.000,3.000,3.000
blurt,3.600,5.000,3.800,3.000,3.000,3.000,3.000
blush,4.200,7.000,3.200,3.000,4.000,4.000,3.000
board,3.800,5.000,3.800,4.000,2.000,2.000,3.000
boast,4.400,7.000,2.800,4.000,3.000,3.000,4.000
bobby,4.600,6.000,5.600,4.000,4.000,4.000,5.000
boney,4.600,5.000,3.000,4.000,4.000,3.000,5.000
bongo,3.800,5.000,4.000,3.000,3.000,4.000,4.000
bonus,4.000,4.000,4.000,3.000,3.000,3.000,4.000
booby,4.000,7.000,4.800,4.000,3.000,4.000,5.000
boost,4.400,5.000,4.300,3.000,4.000,3.000,3.000
booth,4.400,6.000,3.900,4.000,3.000,3.000,4.000
booty,4.800,7.000,4.200,4.000,3.000,3.000,4.000
booze,4.000,5.000,4.700,3.000,3.000,3.000,4.000
boozy,4.800,6.000,3.800,4.000,4.000,5.000,4.000
borax,4.200,6.000,3.800,4.000,3.000,3.000,3.000
borne,4.400,5.000,3.900,3.000,3.000,3.000,3.000
bosom,4.200,5.000,3.000,4.000,4.000,3.000,3.000
bossy,4.600,6.000,4.100,3.000,4.000,3.000,3.000
botch,3.800,6.000,3.200,4.000,3.000,4.000,3.000
bough,4.600,6.000,3.800,3.000,3.000,4.000,4.000
boule,4.000,4.000,3.000,3.000,3.000,3.000,4.000
bound,5.200,7.000,6.200,3.000,3.000,4.000,4.000
bowel,4.800,8.000,3.200,4.000,3.000,4.000,4.000
boxer,6.800,9.000,7.200,5.000,4.000,4.000,4.000
brace,5.200,6.000,4.400,4.000,3.000,3.000,3.000
braid,4.800,8.000,3.000,3.000,3.000,3.000,4.000
brain,4.200,8.000,4.000,3.000,4.000,4.000,4.000
brake,4.800,8.000,4.000,3.000,4.000,4.000,3.000
brand,3.400,6.000,3.000,4.000,4.000,4.000,3.000
brash,4.000,7.000,3.000,3.000,4.000,3.000,3.000
brass,4.400,5.000,4.000,3.000,3.000,3.000,3.000
brave,4.400,9.000,3.200,4.000,4.000,4.000,3.000
bravo,3.200,6.000,4.200,4.000,2.000,2.000,3.000
brawl,3.600,8.000,3.200,4.000,4.000,3.000,3.000
brawn,3.800,7.000,3.000,4.000,4.000,4.000,3.000
bread,4.000,6.000,3.800,3.000,3.000,4.000,4.000
break,3.800,8.000,3.200,4.000,4.000,4.000,4.000
breed,4.000,5.000,3.000,4.000,4.000,4.000,4.000
briar,3.600,7.000,4.800,3.000,3.000,3.000,3.000
bribe,5.000,8.000,4.900,4.000,4.000,4.000,4.000
brick,4.400,7.000,3.200,4.000,4.000,4.000,3.000
bride,4.800,5.000,3.800,3.000,4.000,3.000,3.000
brief,4.000,6.000,4.000,4.000,3.000,3.000,4.000
brine,3.400,6.000,3.100,4.000,4.000,4.000,4.000
bring,4.200,7.000,4.600,3.000,3.000,3.000,3.000
brink,4.600,6.000,4.000,3.000,3.000,3.000,4.000
briny,3.800,6.000,3.000,4.000,4.000,4.000,5.000
brisk,4.200,8.000,3.000,4.000,3.000,3.000,4.000
broad,4.000,6.000,3.200,4.000,4.000,3.000,4.000
broil,4.400,6.000,3.700,3.000,3.000,3.000,4.000
broke,4.400,8.000,4.100,4.000,4.000,4.000,5.000
brood,4.000,5.000,3.700,4.000,4.000,5.000,4.000
brook,4.800,5.000,5.000,4.000,4.000,5.000,5.000
broom,3.600,6.000,4.400,4.000,4.000,5.000,4.000
broth,4.000,6.000,3.000,3.000,2.000,4.000,3.000
brown,4.600,6.000,6.200,4.000,4.000,4.000,4.000
brunt,4.200,7.000,4.000,4.000,4.000,3.000,3.000
brush,3.600,5.000,4.000,3.000,3.000,3.000,3.000
brute,4.200,5.000,3.200,4.000,3.000,3.000,3.000
buddy,4.400,5.000,3.800,3.000,4.000,4.000,4.000
budge,4.000,5.000,4.100,4.000,4.000,4.000,4.000
buggy,4.800,6.000,4.800,4.000,4.000,4.000,4.000
bugle,4.600,7.000,2.900,3.000,3.000,3.000,3.000
build,4.400,5.000,3.700,4.000,4.000,3.000,4.000
built,4.200,8.000,3.000,4.000,4.000,4.000,3.000
bulge,3.800,6.000,3.000,3.000,4.000,3.000,4.000
bulky,4.000,4.000,3.700,3.000,4.000,4.000,4.000
bully,4.800,5.000,4.000,4.000,4.000,4.000,3.100
bunch,4.400,7.000,4.600,4.000,4.000,4.000,4.000
bunny,4.200,6.000,3.100,3.000,4.000,3.000,4.000
burly,3.800,4.000,3.900,4.000,3.000,4.000,3.000
burnt,3.200,6.000,3.800,4.000,3.000,4.000,3.000
burst,4.200,7.000,3.800,3.000,3.000,3.000,3.000
bused,2.800,4.000,3.000,3.000,4.000,3.000,4.000
bushy,3.600,7.000,4.300,4.000,4.000,4.000,5.000
butch,4.200,7.000,3.000,3.000,4.000,4.000,4.000
butte,3.800,7.000,3.800,4.000,3.000,3.000,3.000
buxom,4.000,5.000,3.400,4.000,3.000,4.000,4.000
buyer,3.800,3.000,4.000,4.000,4.000,4.000,4.000
bylaw,3.600,4.000,3.800,4.000,3.000,4.000,4.000
cabal,4.000,6.000,4.000,3.000,4.000,3.000,4.000
cabby,4.000,6.000,4.000,3.000,4.000,3.000,3.000
cabin,4.800,6.000,3.200,4.000,4.000,3.000,3.000
cable,4.600,3.000,4.000,3.000,4.000,4.000,4.000
cacao,4.200,5.000,3.200,4.000,3.000,3.000,3.000
cache,4.000,5.000,4.200,4.000,4.000,4.000,4.000
cacti,4.200,6.000,4.000,3.000,3.000,3.000,3.000
caddy,5.400,3.000,4.300,4.000,4.000,4.000,4.000
cadet,3.200,4.000,3.000,4.000,3.000,3.000,3.000
cagey,4.200,3.000,3.900,3.200,3.000,4.000,3.000
cairn,3.600,6.000,3.800,3.000,3.000,3.000,4.000
camel,3.400,3.000,4.600,3.800,4.000,3.000,4.000
cameo,4.400,3.000,3.000,3.000,2.000,2.000,3.000
canal,4.200,5.000,3.200,4.000,4.000,3.000,3.000
candy,3.800,3.000,3.000,4.000,4.000,3.000,3.000
canny,5.000,5.000,4.000,4.000,4.000,3.000,4.000
canoe,3.600,5.000,3.700,3.000,3.000,3.000,3.000
canon,3.200,5.000,3.100,4.000,4.000,3.000,3.000
caper,3.800,4.000,2.800,3.000,4.000,4.000,3.000
caput,3.600,3.000,3.300,4.000,3.000,3.000,3.000
carat,3.800,6.000,3.400,3.000,3.000,3.000,3.000
cargo,3.800,5.000,3.000,3.000,3.000,3.000,3.000
carol,4.000,3.000,2.800,4.000,3.000,3.000,4.000
carry,5.000,5.000,5.000,3.000,3.000,3.000,5.000
carve,4.000,6.000,3.000,3.000,3.000,3.000,4.000
caste,5.200,5.000,6.000,3.000,3.000,4.000,3.000
catch,5.800,6.000,6.400,4.000,3.000,3.000,3.000
cater,3.600,5.000,2.200,4.000,3.000,4.000,3.000
catty,5.200,6.000,4.800,4.000,4.000,4.000,4.000
caulk,3.600,3.000,4.400,4.000,4.000,4.000,3.000
cause,3.600,4.000,3.000,3.000,3.000,4.000,3.000
cavil,3.800,6.000,3.700,3.000,3.000,3.000,3.000
cease,4.200,4.000,3.000,3.000,3.000,3.000,3.000
cedar,4.000,3.000,3.100,3.000,3.000,3.000,2.000
cello,3.400,3.000,5.000,4.000,3.000,3.000,3.000
chafe,3.800,5.000,4.000,5.000,4.000,4.000,3.000
chaff,4.600,6.000,4.000,4.000,3.000,3.000,3.000
chain,4.000,7.000,3.000,3.000,3.000,3.000,3.000
chair,4.000,6.000,3.800,3.000,3.000,3.000,4.000
chalk,4.000,5.000,3.800,3.000,3.000,3.000,3.000
champ,4.400,4.000,3.000,3.000,4.000,4.000,4.000
chant,4.000,8.000,3.200,3.000,3.000,3.000,3.000
chaos,3.600,4.000,3.000,3.000,2.000,2.000,3.000
chard,3.800,3.000,2.800,3.000,3.000,3.000,3.000
charm,4.400,5.000,3.800,4.000,4.000,3.000,4.000
chart,4.200,6.000,3.800,3.000,3.000,3.000,3.000
chase,4.400,5.000,2.000,3.000,4.000,3.000,3.000
chasm,4.000,4.000,3.000,3.000,3.000,3.000,3.000
cheap,4.000,4.000,3.000,3.000,4.000,3.000,4.000
cheat,4.800,5.000,3.000,3.000,3.000,4.000,3.000
check,3.800,5.000,4.000,4.000,4.000,3.000,4.000
cheek,3.600,4.000,4.000,4.000,3.000,4.000,4.000
cheer,3.600,5.000,5.000,5.000,4.000,5.000,4.300
chess,3.600,4.000,4.000,3.000,3.000,3.000,3.000
chest,3.600,4.000,4.000,3.000,4.000,3.000,3.000
chick,3.600,6.000,3.800,3.000,3.000,3.000,3.000
chide,4.200,3.000,4.200,4.000,3.000,3.000,3.000
chief,3.600,4.000,3.000,3.000,4.000,4.000,3.000
child,5.000,3.000,3.100,4.000,4.000,4.000,4.000
chili,3.400,6.000,4.000,4.000,4.000,4.000,4.000
chill,3.800,6.000,4.800,4.000,4.000,4.000,4.000
chime,4.000,5.000,3.200,3.000,4.000,4.000,4.000
china,3.800,8.000,4.000,3.000,4.000,3.000,3.000
chirp,4.000,5.000,3.100,4.000,4.000,3.000,4.000
chock,4.000,5.000,3.200,4.000,3.000,3.000,3.000
choir,3.800,5.000,3.000,4.000,3.000,3.000,4.000
choke,3.600,5.000,3.200,4.000,3.000,3.000,4.000
chord,4.400,4.000,3.900,4.000,4.000,3.000,4.000
chore,4.000,5.000,2.800,3.000,3.000,2.000,4.000
chose,4.000,4.000,4.000,3.000,3.000,3.000,3.000
chuck,3.800,5.000,3.300,4.000,4.000,3.000,4.000
chump,4.000,4.000,3.900,4.000,3.000,4.000,3.000
chunk,3.800,5.000,3.200,4.000,4.000,3.000,3.000
churn,3.800,5.000,3.100,4.000,4.000,3.000,4.000
chute,4.200,4.000,3.800,3.000,3.000,3.000,3.000
cider,4.800,4.000,2.900,3.000,4.000,3.000,3.000
cigar,4.400,6.000,3.000,3.000,3.000,3.000,4.000
cinch,4.800,6.000,4.400,4.000,4.000,3.000,3.000
circa,4.400,7.000,3.800,4.000,3.000,3.000,4.000
civic,4.200,6.000,4.000,4.000,4.000,3.000,4.000
civil,3.400,5.000,4.000,4.000,3.000,3.000,3.000
clack,5.000,6.000,3.000,4.000,4.000,3.000,3.000
claim,3.600,5.000,4.000,4.000,3.000,3.000,3.000
clamp,4.000,4.000,3.000,3.000,3.000,3.000,3.000
clang,4.400,6.000,3.000,3.000,4.000,3.000,3.000
clank,4.800,6.000,2.000,4.000,3.000,3.000,3.000
clash,4.400,4.000,2.000,4.000,4.000,3.000,3.000
clasp,4.600,4.000,3.000,4.000,4.000,3.000,4.000
class,4.800,4.000,4.000,4.000,4.000,4.000,3.000
clean,4.000,5.000,2.000,4.000,3.000,3.000,4.000
clear,3.400,5.000,3.000,4.000,3.000,3.000,3.000
cleat,4.200,5.000,2.800,4.000,4.000,3.000,3.000
cleft,3.800,5.000,2.200,3.000,3.000,3.000,3.000
clerk,3.600,5.000,3.000,4.000,3.000,3.000,5.000
click,4.000,6.000,4.200,4.000,4.000,4.000,4.000
cliff,3.800,6.000,3.300,4.000,4.000,4.000,5.000
climb,3.800,5.000,4.100,4.000,4.000,4.000,4.000
cling,4.000,6.000,4.000,4.000,4.000,3.000,4.000
clink,4.000,6.000,3.300,4.000,4.000,4.000,3.000
cloak,3.800,5.000,3.200,3.000,4.000,3.000,3.000
clock,4.400,5.000,4.000,4.000,4.000,3.000,3.000
clone,3.600,5.000,3.200,3.000,3.000,3.000,4.000
close,4.600,4.000,2.200,3.000,3.000,3.000,3.000
cloth,4.000,4.000,2.400,4.000,3.000,3.000,3.000
cloud,3.400,3.000,3.000,3.000,4.000,4.000,4.000
clout,3.800,3.000,3.000,3.000,3.000,3.000,3.000
clove,5.000,5.000,3.000,4.000,4.000,3.000,4.000
clown,3.600,5.000,4.000,4.000,4.000,3.000,3.000
cluck,4.800,4.000,3.500,4.000,4.000,3.000,3.000
clued,3.600,2.000,3.000,3.000,4.000,3.000,3.000
clump,4.000,3.000,4.100,4.000,3.000,4.000,4.000
clung,4.400,4.000,3.000,4.000,4.000,3.000,3.000
coach,4.400,6.000,4.000,3.000,3.000,3.000,4.000
coast,4.400,4.000,3.800,4.000,3.000,3.000,3.000
cobra,4.400,4.000,4.000,3.000,3.000,2.000,4.000
cocoa,4.000,5.000,3.200,4.000,3.000,3.000,4.000
colon,4.400,4.000,3.900,3.000,3.000,3.000,3.000
color,3.400,5.000,4.000,3.000,3.000,3.000,3.000
comet,4.400,5.000,3.300,4.000,3.000,3.000,4.000
comfy,4.000,4.000,3.200,4.000,4.000,3.000,4.000
comic,3.800,5.000,4.000,4.000,4.000,3.000,3.000
comma,4.000,5.000,4.000,3.000,3.000,3.000,3.000
conch,4.600,6.000,4.000,4.000,4.000,4.000,3.000
condo,4.200,3.000,4.000,3.000,3.000,4.000,4.000
conic,3.800,5.000,3.400,3.000,4.000,4.000,3.000
copse,4.200,3.000,4.000,3.000,4.000,3.000,3.000
coral,3.800,5.000,2.900,4.000,3.000,3.000,5.000
corer,5.000,6.000,5.000,5.000,4.000,4.000,6.000
corny,3.800,4.000,3.200,3.000,3.000,3.000,3.000
couch,4.400,6.000,4.200,4.000,4.000,3.000,3.000
cough,4.000,6.000,3.200,4.000,4.000,4.000,4.000
could,3.800,3.000,3.100,4.000,3.000,3.000,4.000
count,4.000,5.000,3.200,4.000,3.000,3.000,4.000
coupe,2.600,3.000,3.200,3.000,3.000,3.000,3.000
court,3.600,4.000,3.800,3.000,3.000,3.000,3.000
coven,3.800,6.000,4.000,4.000,3.000,4.000,4.000
cover,5.000,6.000,4.000,4.000,5.000,5.000,4.000
covet,4.600,6.000,3.100,3.000,3.000,3.000,3.000
covey,3.800,3.000,3.000,4.000,3.000,4.000,3.000
cower,4.800,5.000,3.000,4.000,4.000,4.000,5.000
coyly,4.600,3.000,5.200,4.000,4.000,3.000,3.000
crack,4.600,7.000,3.600,4.000,3.000,4.000,4.000
craft,4.600,6.000,2.800,3.000,3.000,3.000,2.000
cramp,4.200,6.000,4.200,4.000,4.000,4.000,4.000
crane,3.800,6.000,4.800,4.000,4.000,4.000,4.000
crank,4.000,6.000,2.600,3.000,4.000,3.000,4.000
crash,3.600,4.000,2.000,4.000,4.000,3.000,3.000
crass,5.200,4.000,3.000,3.000,3.000,3.000,3.000
crate,4.400,7.000,2.800,4.000,3.000,3.000,2.000
crave,4.800,7.000,4.200,4.000,4.000,4.000,5.000
crawl,5.000,4.000,4.600,4.000,4.000,3.000,4.000
craze,4.800,5.000,3.800,4.000,4.000,4.000,3.000
crazy,4.400,5.000,3.200,4.000,4.000,4.000,4.000
creak,3.800,5.000,4.000,4.000,4.000,4.000,4.000
cream,3.600,5.000,3.200,4.000,3.000,4.000,4.000
credo,2.400,3.000,3.100,4.000,3.000,3.000,4.000
creed,5.000,4.000,3.900,4.000,4.000,4.000,4.000
creek,4.200,5.000,4.100,4.000,4.000,4.000,4.000
creep,3.200,4.000,3.200,4.000,3.000,4.000,4.000
creme,4.000,4.000,4.800,4.000,3.000,3.000,4.000
crepe,4.000,4.000,3.100,3.000,3.000,3.000,3.000
crept,4.000,4.000,3.200,4.000,3.000,3.000,3.000
cress,3.800,4.000,5.000,3.000,4.000,3.000,3.000
crest,4.200,4.000,3.000,3.000,4.000,3.000,3.000
crick,4.600,6.000,4.200,4.000,4.000,4.000,3.000
cried,5.000,4.000,3.200,3.000,4.000,4.000,4.000
crier,4.600,5.000,3.100,3.000,4.000,3.000,4.000
crime,4.000,5.000,3.200,3.000,3.000,3.000,3.000
crimp,3.400,6.000,4.000,3.000,4.000,3.000,4.000
crisp,4.400,4.000,3.600,3.000,3.000,3.000,3.000
croak,3.800,6.000,3.800,3.000,3.000,4.000,4.000
crock,5.600,6.000,3.600,4.000,4.000,3.000,3.000
crone,4.400,5.000,3.100,4.000,3.000,3.000,4.000
crony,4.400,3.000,2.200,4.000,3.000,3.000,5.000
crook,4.800,5.000,4.400,3.000,4.000,4.000,4.000
cross,4.200,4.000,3.900,3.000,4.000,3.000,3.000
croup,3.800,3.000,3.900,4.000,5.000,3.000,4.000
crowd,4.200,4.000,4.700,4.000,4.000,4.000,3.000
crown,3.600,6.000,3.400,4.000,4.000,3.000,4.000
crude,4.600,3.000,3.900,3.000,3.000,3.000,4.000
cruel,4.200,3.000,3.000,4.000,3.000,4.000,4.000
crumb,3.600,5.000,4.000,4.000,3.000,3.000,3.000
crump,3.800,4.000,3.000,4.000,4.000,4.000,4.000
crush,3.600,5.000,3.000,3.000,3.000,3.000,3.000
crust,4.200,5.000,3.200,3.000,3.000,3.000,3.000
crypt,4.000,3.000,3.300,3.000,3.000,3.000,3.000
cubic,4.200,4.000,4.000,4.000,4.000,4.000,3.000
cumin,3.000,4.000,3.200,4.000,3.000,4.000,3.000
curio,3.800,3.000,3.200,3.000,4.000,3.000,3.000
curly,4.600,3.000,3.100,3.000,3.000,4.000,3.000
curry,6.000,4.000,4.100,4.000,3.000,3.000,3.000
curse,4.000,4.000,5.000,3.000,3.000,3.000,3.000
curve,3.800,4.000,3.900,4.000,3.000,3.000,4.000
curvy,4.200,4.000,3.200,4.000,4.000,4.000,4.000
cutie,3.000,4.000,3.000,3.000,3.000,3.000,4.000
cyber,4.400,3.000,4.000,4.000,4.000,4.000,4.000
cycle,3.600,3.000,4.000,3.000,4.000,4.000,5.000
cynic,3.600,3.000,3.200,3.000,3.000,4.000,3.000
daddy,6.000,4.000,6.300,4.000,4.000,4.000,4.000
daily,4.400,6.000,3.800,3.000,3.000,3.000,5.000
dairy,4.000,5.000,3.800,3.000,4.000,3.000,4.000
daisy,4.000,4.000,3.000,2.000,3.000,3.000,3.000
dally,4.000,7.000,4.800,4.000,4.000,4.000,4.000
dance,3.600,4.000,4.700,3.000,4.000,4.000,4.000
dandy,5.400,2.000,5.000,4.000,4.000,3.000,4.000
datum,4.200,3.000,3.900,4.000,4.000,4.000,4.000
daunt,4.400,4.000,3.000,5.000,4.000,4.000,3.000
dealt,4.200,4.000,3.000,4.000,3.000,3.000,3.000
death,3.800,5.000,2.200,3.000,2.000,3.000,2.000
debar,4.000,4.000,3.100,3.000,3.000,4.000,3.000
debit,3.400,6.000,3.400,3.000,4.000,3.000,2.000
debug,4.200,5.000,4.000,4.000,3.000,3.000,4.000
debut,4.400,5.000,3.900,4.000,4.000,4.000,3.000
decal,4.200,3.000,4.000,3.000,4.000,3.000,3.000
decay,3.600,4.000,3.100,4.000,3.000,3.000,3.000
decor,4.200,3.000,3.900,3.000,3.000,3.000,3.000
decoy,3.800,2.000,3.000,3.000,3.000,3.000,3.000
decry,3.600,4.000,3.000,3.000,3.000,3.000,4.000
defer,4.200,5.000,4.100,3.000,3.000,3.000,3.000
deign,3.600,6.000,3.000,3.000,3.000,3.000,4.000
deity,3.600,4.000,3.200,4.000,3.000,3.000,3.000
delay,3.800,3.000,3.200,3.000,3.000,4.000,3.000
delta,3.800,5.000,2.200,4.000,2.000,4.000,3.000
delve,4.000,4.000,3.200,4.000,4.000,3.000,4.000
demon,4.000,5.000,3.000,3.000,2.000,3.000,4.000
demur,4.000,4.000,3.000,3.000,3.000,3.000,3.000
denim,3.800,5.000,3.000,3.000,4.000,3.000,4.000
dense,4.000,4.000,3.000,3.000,3.000,3.000,2.000
depot,3.800,3.000,3.100,3.000,3.000,3.000,3.000
depth,3.800,4.000,3.500,3.000,3.000,4.000,2.000
derby,4.000,4.000,4.000,4.000,4.000,3.000,4.000
deter,3.600,5.000,4.000,3.000,3.000,4.000,3.000
detox,3.600,5.000,3.300,4.000,3.000,4.000,3.000
deuce,4.400,3.000,3.800,3.000,3.000,3.000,3.000
devil,3.600,5.000,3.200,3.000,4.000,4.000,4.000
diary,3.800,5.000,3.800,3.000,3.000,3.000,3.000
dicey,3.600,3.000,3.000,3.000,4.000,3.000,3.000
digit,4.200,5.000,4.000,4.000,3.000,4.000,3.000
dilly,5.000,7.000,3.400,5.000,4.000,4.000,6.000
dimly,3.400,5.000,3.600,4.000,3.000,4.000,4.000
diner,4.800,5.000,2.300,3.000,4.000,3.000,3.000
dingo,4.000,6.000,4.000,4.000,4.000,4.000,3.000
dingy,4.400,6.000,4.100,4.000,4.000,4.000,4.000
diode,3.800,2.000,4.000,4.000,4.000,4.000,3.000
dirge,4.800,5.000,3.000,3.000,3.000,4.000,3.000
dirty,3.600,5.000,3.000,4.000,3.000,4.000,3.000
disco,4.000,3.000,4.000,3.000,3.000,3.000,3.000
ditch,4.000,3.000,3.000,4.000,4.000,4.000,4.000
ditto,4.200,6.000,3.800,3.000,3.000,3.000,3.000
ditty,4.200,6.000,5.900,4.000,3.000,3.000,3.100
diver,4.200,6.000,3.300,3.000,4.000,4.000,4.000
dizzy,4.400,5.000,4.000,4.000,4.000,4.000,4.000
dodge,4.000,2.000,4.800,3.000,3.000,3.000,4.000
dodgy,3.600,2.000,4.000,3.000,3.000,4.000,4.000
dogma,4.200,5.000,3.000,3.000,3.000,3.000,3.000
doing,4.200,5.000,4.000,4.000,3.000,3.000,4.000
dolly,4.000,3.000,3.200,4.000,3.000,4.000,4.000
donor,3.400,4.000,4.800,4.000,3.000,3.000,4.000
donut,3.800,3.000,3.000,3.000,3.000,3.000,4.000
dopey,3.600,2.000,3.000,3.000,3.000,4.000,3.000
doubt,3.400,4.000,4.000,3.000,3.000,4.000,3.000
dough,4.000,4.000,4.000,4.000,4.000,4.000,3.000
dowdy,5.000,2.000,4.200,4.000,4.000,4.000,4.000
dowel,4.400,3.000,3.800,4.000,3.000,4.000,4.000
downy,3.600,4.000,3.000,4.000,4.000,4.000,4.000
dowry,4.200,4.000,3.700,4.000,3.000,3.000,4.000
dozen,4.000,3.000,3.000,3.000,3.000,4.000,3.000
draft,3.400,7.000,3.800,4.000,3.000,3.000,4.000
drain,3.800,7.000,4.400,3.000,3.000,4.000,3.000
drake,4.800,5.000,3.200,3.000,4.000,3.000,3.000
drama,3.400,5.000,4.000,4.000,4.000,4.000,3.000
drank,4.400,7.000,3.000,4.000,3.000,4.000,3.000
drape,4.200,4.000,4.000,3.000,4.000,4.000,4.000
drawl,4.200,4.000,3.800,4.000,3.000,4.000,3.000
drawn,5.000,7.000,4.600,4.000,4.000,4.000,3.000
dread,3.800,3.000,4.900,4.000,4.000,4.000,5.000
dream,3.800,4.000,4.000,3.000,4.000,5.000,4.000
dress,4.200,4.000,4.000,3.000,3.000,3.000,3.000
dried,3.600,3.000,3.500,4.000,4.000,3.000,5.000
drier,4.400,6.000,3.200,3.000,4.000,3.000,3.000
drift,3.800,6.000,3.100,3.000,3.000,3.000,3.000
drill,4.400,4.000,5.100,4.000,4.000,4.000,3.000
drink,4.200,6.000,3.200,4.000,4.000,4.000,3.000
drive,4.200,5.000,3.900,3.000,4.000,4.000,4.000
droit,4.400,6.000,4.900,3.000,3.000,3.000,3.000
droll,4.400,4.000,3.200,4.000,4.000,4.000,3.000
drone,3.600,6.000,3.900,3.000,4.000,3.000,3.000
drool,4.400,4.000,4.100,3.000,3.000,4.000,3.000
droop,4.400,4.000,4.000,4.000,4.000,4.000,3.000
dross,4.400,4.000,5.500,4.000,4.000,3.000,3.000
drove,4.600,6.000,3.100,4.000,4.000,3.000,4.000
drown,3.600,6.000,3.800,5.000,3.000,4.000,4.000
druid,3.600,3.000,4.000,3.000,4.000,4.000,3.000
drunk,4.200,4.000,3.800,4.000,3.000,3.000,3.000
dryer,4.000,3.000,3.100,4.000,4.000,3.000,4.000
dryly,3.600,4.000,3.100,3.000,4.000,4.000,4.000
duchy,3.600,3.000,4.000,4.000,4.000,3.000,3.000
dully,4.400,3.000,4.100,3.000,4.000,4.000,5.900
dummy,5.000,4.000,4.000,4.000,4.000,4.000,4.000
dumpy,4.000,2.000,3.000,3.000,3.000,3.000,3.000
dunce,3.800,3.000,3.000,3.000,4.000,3.000,3.000
dusky,4.200,5.000,3.300,4.000,4.000,3.000,4.000
dusty,4.600,5.000,4.000,4.000,3.000,4.000,3.000
dutch,3.200,3.000,4.000,4.000,4.000,4.000,5.000
duvet,4.000,3.000,3.900,3.000,3.000,3.000,4.000
dwarf,4.200,7.000,4.800,4.000,4.000,3.000,3.000
dwell,3.600,5.000,4.800,3.000,4.000,3.000,3.000
dwelt,4.400,5.000,3.800,3.000,3.000,3.000,3.000
dying,4.400,3.000,3.000,3.000,3.000,3.000,3.000
eager,3.800,6.000,4.000,3.000,4.000,4.000,3.000
eagle,3.800,5.000,3.800,4.000,4.000,3.000,3.000
early,3.600,4.000,3.800,3.000,3.000,3.000,3.000
earth,3.400,5.000,2.200,3.000,2.000,3.000,3.000
easel,4.600,4.000,2.200,2.000,4.000,3.000,3.000
eaten,4.800,4.000,4.000,3.800,3.000,4.000,4.000
eater,5.600,6.000,5.200,3.000,3.000,4.000,3.000
ebony,3.800,4.000,4.000,4.000,3.000,4.000,4.000
eclat,3.400,5.000,3.000,4.000,3.000,3.000,3.000
edict,4.200,4.000,3.600,3.000,3.000,3.000,4.000
edify,3.600,4.000,3.800,3.000,3.000,3.000,4.000
eerie,4.000,7.000,4.000,2.000,4.000,3.000,4.000
egret,3.600,6.000,3.000,3.000,3.000,4.000,3.000
eight,3.800,6.000,3.100,3.000,4.000,4.000,3.000
eject,3.600,5.000,4.200,3.000,3.000,3.000,3.000
eking,4.000,6.000,4.900,3.000,3.000,3.000,4.000
elate,4.800,5.000,3.000,3.000,3.000,3.000,3.000
elbow,3.800,5.000,3.000,4.000,3.000,3.000,4.000
elder,4.200,3.000,3.300,4.000,3.000,4.000,4.000
elect,3.600,4.000,3.200,4.000,3.000,4.000,3.000
elegy,4.000,3.000,4.000,3.000,3.000,3.000,4.000
elfin,3.000,6.000,3.000,3.000,4.000,4.000,3.000
elide,5.000,4.000,4.000,4.000,3.000,3.000,4.000
elite,4.000,5.000,3.200,3.000,3.000,3.000,3.000
elope,3.800,4.000,5.000,4.000,4.000,4.000,5.000
elude,3.400,3.000,4.000,3.000,4.000,4.000,4.000
email,4.200,5.000,3.000,3.000,3.000,3.000,3.000
embed,3.800,4.000,4.000,3.000,4.000,4.000,3.000
ember,3.800,5.000,5.000,5.000,4.000,4.000,4.000
emcee,4.200,4.000,4.200,4.000,4.000,4.000,4.000
empty,4.600,4.000,3.200,3.000,3.000,3.000,3.000
enact,3.600,6.000,3.000,4.000,3.000,3.000,3.000
endow,3.600,3.000,3.000,4.000,3.000,4.000,4.000
enema,4.800,5.000,4.000,4.000,4.000,4.000,3.000
enemy,4.000,4.000,4.000,3.000,3.000,3.000,4.000
enjoy,4.000,5.000,3.200,3.000,3.000,3.000,4.000
ennui,3.800,6.000,3.200,3.000,3.000,3.000,3.000
ensue,3.200,4.000,4.000,3.000,4.000,3.000,3.000
enter,4.000,6.000,4.400,4.000,2.000,4.000,3.000
entry,4.200,4.000,3.400,3.000,3.000,3.000,3.000
envoy,3.800,5.000,3.800,4.000,4.000,4.000,5.000
epoch,3.600,4.000,3.200,4.000,3.000,3.000,4.000
epoxy,3.600,2.000,4.000,4.000,4.000,4.000,4.000
equal,4.000,4.000,3.200,3.000,3.000,4.000,4.000
equip,4.400,4.000,4.000,4.000,4.000,4.000,4.000
erase,4.000,4.000,3.600,3.000,3.000,2.000,2.000
erect,3.600,4.000,4.100,4.000,3.000,4.000,3.000
erode,4.200,4.000,4.000,4.000,4.000,4.000,3.000
error,3.400,5.000,4.000,3.000,3.000,3.000,4.000
erupt,3.400,4.000,4.000,3.000,3.000,4.000,3.000
essay,4.200,4.000,3.000,3.000,4.000,3.000,3.000
ester,3.600,4.000,3.000,4.000,3.000,3.000,3.000
ether,3.600,5.000,3.700,4.000,3.000,4.000,3.000
ethic,3.600,6.000,3.600,4.000,4.000,4.000,3.000
ethos,3.600,4.000,2.800,4.000,3.000,3.000,3.000
etude,4.000,3.000,3.000,4.000,3.000,4.000,4.000
evade,3.800,4.000,3.000,4.000,4.000,4.000,4.000
event,4.000,5.000,3.200,3.000,4.000,3.000,3.000
every,4.000,4.000,5.000,4.000,3.000,3.000,4.000
evict,3.800,7.000,3.400,3.000,4.000,4.000,3.000
evoke,4.400,4.000,5.000,3.000,3.000,3.000,4.000
exact,3.600,6.000,3.800,3.000,3.000,4.000,3.000
exalt,3.400,6.000,3.000,3.000,4.000,4.000,2.000
excel,4.400,3.000,4.000,4.000,4.000,4.000,4.000
exert,3.600,5.000,3.900,3.000,4.000,3.000,2.000
exile,5.200,5.000,4.000,4.000,3.000,3.000,5.000
exist,4.600,6.000,4.000,3.000,3.000,3.000,3.000
expel,4.000,4.000,4.800,4.000,4.000,4.000,5.000
extol,4.200,4.000,3.000,4.000,3.000,3.000,3.000
extra,3.800,10.000,3.000,3.000,3.000,3.000,3.000
exult,4.000,4.000,4.000,4.000,3.000,4.000,3.000
eying,4.000,5.000,3.900,3.000,4.000,4.000,5.000
fable,4.800,6.000,3.000,4.000,4.000,4.000,3.000
facet,4.200,4.000,3.000,3.000,4.000,3.000,3.000
faint,4.000,6.000,3.600,3.000,4.000,4.000,3.000
fairy,4.200,6.000,4.400,3.000,4.000,4.000,3.000
faith,4.000,6.000,3.200,3.000,3.000,4.000,4.000
false,4.000,5.000,2.400,3.000,3.000,4.000,3.000
fancy,4.800,6.000,4.000,4.000,4.000,3.000,3.000
fanny,3.400,6.000,4.000,5.000,4.000,3.000,4.000
farce,4.200,5.000,4.000,3.000,4.000,3.000,3.000
fatal,4.800,6.000,4.000,4.000,4.000,4.000,4.000
fatty,5.000,6.000,4.400,4.000,4.000,4.000,4.000
fault,4.200,5.000,3.800,4.000,3.000,3.000,3.000
fauna,3.600,6.000,4.000,3.000,3.000,4.000,4.000
favor,4.600,6.000,4.200,4.000,4.000,4.000,4.000
feast,3.600,6.000,4.000,3.000,4.000,3.000,3.000
fecal,4.400,5.000,3.800,4.000,4.000,4.000,4.000
feign,4.000,6.000,4.800,3.000,4.000,4.000,3.000
fella,3.400,4.000,3.200,4.000,3.000,4.000,3.000
felon,4.000,6.000,4.000,4.000,3.000,3.000,4.000
femme,4.600,5.000,4.100,4.000,4.000,4.000,4.000
femur,3.600,4.000,3.000,4.000,3.000,3.000,4.000
fence,4.600,5.000,4.000,4.000,4.000,4.000,3.000
feral,4.000,5.000,3.200,3.000,4.000,4.000,3.000
ferry,3.800,6.000,5.400,5.000,3.000,3.000,5.000
fetal,4.800,6.000,3.000,3.000,3.000,4.000,2.000
fetch,4.200,6.000,3.600,4.000,4.000,4.000,3.000
fetid,4.000,4.000,3.600,3.000,3.000,3.000,3.000
fetus,4.400,4.000,3.000,4.000,3.000,3.000,4.000
fever,4.600,7.000,5.000,5.000,3.000,4.000,4.000
fewer,4.800,7.000,4.000,5.000,4.000,5.000,4.000
fiber,4.000,7.000,4.100,4.000,4.000,4.000,4.000
fibre,3.400,6.000,3.800,3.000,4.000,3.000,4.000
ficus,4.000,5.000,3.200,3.000,3.000,3.000,4.000
field,4.800,4.000,3.400,4.000,4.000,4.000,4.000
fiend,3.800,6.000,3.200,3.000,4.000,4.000,3.000
fiery,3.600,4.000,2.800,3.000,3.000,3.000,3.000
fifth,4.200,6.000,3.600,3.000,3.000,4.000,3.000
fifty,4.600,6.000,3.300,4.000,4.000,4.000,5.000
fight,5.000,6.000,4.000,5.000,4.000,4.000,5.000
filer,4.000,6.000,3.100,4.000,4.000,4.000,4.000
filet,4.200,7.000,2.800,4.000,3.000,3.000,3.000
filly,5.400,7.000,5.100,5.000,4.000,5.000,5.000
filmy,4.200,6.000,3.300,4.000,3.000,4.000,4.000
filth,3.600,6.000,3.200,4.000,4.000,3.000,4.000
final,3.800,6.000,3.900,3.000,3.000,4.000,3.000
finch,4.000,6.000,4.000,4.000,4.000,4.000,3.000
finer,4.600,6.000,3.800,4.000,4.000,4.000,4.000
first,3.600,7.000,3.000,2.000,3.000,3.000,3.000
fishy,3.600,6.000,3.000,3.000,3.000,3.000,3.000
fixer,4.400,7.000,5.100,5.000,4.000,5.000,5.000
fizzy,5.000,6.000,5.000,4.000,4.000,4.000,4.000
fjord,4.000,6.000,3.100,4.000,4.000,3.000,4.000
flack,4.000,5.000,3.000,3.000,4.000,4.000,3.000
flail,4.600,6.000,4.000,3.000,4.000,4.000,3.000
flair,3.600,6.000,3.200,3.000,4.000,3.000,4.000
flake,5.400,6.000,4.000,5.000,4.000,4.000,3.000
flaky,4.200,5.000,3.000,4.000,3.000,3.000,3.000
flame,4.400,6.000,3.000,4.000,4.000,4.000,3.000
flank,3.800,6.000,3.000,4.000,4.000,4.000,5.000
flare,4.200,5.000,2.800,4.000,4.000,3.000,4.000
flash,4.000,6.000,3.000,3.000,3.000,3.000,3.000
flask,4.200,6.000,3.000,4.000,3.000,4.000,4.000
fleck,4.000,4.000,3.700,4.000,4.000,4.000,4.000
fleet,4.400,4.000,3.000,3.000,3.000,3.000,3.000
flesh,3.200,4.000,2.200,3.000,4.000,3.000,3.000
flick,4.400,5.000,3.200,3.000,3.000,3.000,3.000
flier,4.200,5.000,2.900,3.000,4.000,4.000,4.000
fling,3.800,6.000,3.900,4.000,4.000,4.000,4.000
flint,4.000,6.000,2.200,4.000,3.000,3.000,3.000
flirt,4.000,6.000,3.000,3.000,3.000,3.000,3.000
float,3.400,6.000,2.200,4.000,3.000,4.000,3.000
flock,4.800,4.000,2.600,4.000,4.000,4.000,4.000
flood,3.800,5.000,4.600,3.000,4.000,4.000,4.000
floor,4.000,5.000,3.800,3.000,4.000,4.000,4.000
flora,4.200,5.000,3.700,4.000,4.000,3.000,4.000
floss,4.000,5.000,3.200,3.000,3.000,3.000,3.000
flour,4.000,4.000,3.100,3.000,4.000,4.000,3.000
flout,4.400,4.000,3.200,4.000,3.000,3.000,4.000
flown,5.000,6.000,3.700,4.000,4.000,4.000,4.000
fluff,4.200,5.000,4.900,5.000,4.000,4.000,4.000
fluid,3.600,3.000,3.900,4.000,3.000,3.000,4.000
fluke,4.400,5.000,4.000,4.000,4.000,4.000,5.000
flume,4.000,4.000,3.000,4.000,3.000,3.000,4.000
flung,4.200,5.000,3.200,4.000,3.000,3.000,3.000
flunk,3.800,5.000,3.300,4.000,4.000,4.000,4.000
flush,4.000,6.000,2.200,4.000,4.000,4.000,5.000
flute,4.200,5.000,2.400,4.000,3.000,3.000,3.000
flyer,3.400,3.000,4.100,4.000,4.000,4.000,4.000
foamy,4.600,5.000,3.000,4.000,3.000,3.000,4.000
focal,4.000,4.000,3.000,4.000,3.000,3.000,5.000
focus,3.600,3.000,3.700,4.000,3.000,3.000,4.000
foggy,3.600,6.000,4.000,4.000,4.000,4.000,4.000
foist,4.400,6.000,3.000,4.000,4.000,3.000,4.000
folio,3.800,5.000,4.000,4.000,4.000,3.000,3.000
folly,5.000,7.000,5.200,5.000,5.000,4.000,4.000
foray,3.600,6.000,4.000,4.000,3.000,3.000,4.000
force,4.200,4.000,3.300,3.000,3.000,3.000,4.000
forge,5.000,5.000,3.200,3.000,3.000,3.000,4.000
forgo,4.000,5.000,4.100,3.000,3.000,4.000,4.000
forte,3.600,5.000,3.000,4.000,2.000,3.000,4.000
forth,3.400,6.000,2.700,4.000,3.000,3.000,4.000
forty,4.200,6.000,3.000,4.000,3.000,3.000,3.000
forum,3.800,4.000,3.900,4.000,3.000,3.000,3.000
found,5.400,6.000,7.800,4.000,4.000,4.000,4.000
foyer,4.200,3.000,6.200,5.000,4.000,5.000,5.000
frail,5.000,6.000,2.200,3.000,4.000,3.000,4.000
frame,5.200,6.000,5.000,4.000,4.000,5.000,4.000
frank,4.000,6.000,4.000,4.000,3.000,4.000,5.000
fraud,4.200,5.000,3.800,4.000,4.000,4.000,3.000
freak,4.600,6.000,5.000,3.000,4.000,4.000,5.000
freed,5.200,5.000,5.900,4.000,3.000,4.000,4.000
freer,4.200,5.000,6.000,4.000,3.000,3.000,4.000
fresh,3.400,5.000,3.000,3.000,4.000,3.000,3.000
friar,4.000,6.000,4.000,3.000,4.000,4.000,4.000
fried,4.000,5.000,3.800,3.000,3.000,4.000,3.000
frill,4.400,5.000,4.300,4.000,4.000,4.000,5.000
frisk,4.200,7.000,4.000,3.000,4.000,3.000,3.000
fritz,4.200,5.000,3.000,4.000,3.000,3.000,3.000
frock,4.000,6.000,3.200,3.000,4.000,3.000,3.000
frond,3.800,6.000,4.000,4.000,3.000,4.000,3.000
front,4.800,7.000,3.900,4.000,3.000,3.000,3.000
frost,4.000,6.000,3.000,3.000,3.000,3.000,3.000
froth,4.000,6.000,2.900,4.000,3.000,4.000,4.000
frown,5.000,7.000,4.800,4.000,4.000,4.000,5.000
froze,4.000,5.000,4.900,4.000,4.000,4.000,4.000
fruit,3.400,6.000,3.900,3.000,3.000,3.000,3.000
fudge,4.000,4.000,3.100,4.000,4.000,4.000,3.000
fugue,4.000,6.000,4.000,4.000,4.000,5.000,5.000
fully,3.800,5.000,4.700,4.000,4.000,4.000,4.000
fungi,3.800,6.000,4.000,4.000,4.000,4.000,4.000
funky,4.200,7.000,4.000,4.000,4.000,3.000,3.000
funny,5.200,7.000,4.200,5.000,5.000,4.000,4.000
furor,4.200,6.000,4.900,4.000,4.000,3.000,4.000
furry,3.400,5.000,3.800,4.000,3.000,3.000,3.000
fussy,4.600,6.000,3.800,4.000,4.000,3.000,4.000
fuzzy,4.400,5.000,4.200,4.000,5.000,5.000,5.000
gaffe,4.600,6.000,4.000,4.000,4.000,3.000,4.000
gaily,4.800,7.000,4.000,3.000,4.000,4.000,4.000
gamer,3.800,6.000,3.900,4.000,3.000,4.000,5.000
gamma,4.200,7.000,3.000,4.000,3.000,4.000,4.000
gamut,4.400,5.000,3.900,4.000,3.000,3.000,4.000
gassy,4.600,6.000,4.000,3.000,3.000,4.000,3.000
gaudy,4.800,4.000,4.700,3.000,4.000,4.000,4.000
gauge,5.000,5.000,4.000,4.000,3.000,3.000,4.000
gaunt,5.000,6.000,5.000,4.000,4.000,4.000,4.000
gauze,4.600,5.000,3.000,3.000,4.000,4.000,3.000
gavel,3.400,8.000,3.200,3.200,3.000,4.000,4.000
gawky,3.800,6.000,4.000,5.000,4.000,4.000,4.000
gayer,4.200,4.000,4.900,4.000,4.000,4.000,4.000
gayly,4.200,7.000,3.400,4.000,4.000,4.000,4.000
gazer,4.200,5.000,5.900,4.000,4.000,4.000,3.000
gecko,3.400,4.000,4.000,4.000,4.000,3.000,3.000
geeky,4.000,5.000,4.600,4.000,4.000,4.000,5.000
geese,3.800,4.000,4.000,4.000,3.000,3.000,3.000
genie,4.400,6.000,3.800,3.000,4.000,3.000,5.000
genre,3.800,6.000,4.000,3.000,3.000,3.000,3.000
ghost,4.200,6.000,3.000,3.000,3.000,3.000,3.000
ghoul,3.400,4.000,4.000,4.000,3.000,3.000,4.000
giant,3.600,8.000,3.000,3.000,3.000,3.000,3.000
giddy,4.200,5.000,4.000,4.000,5.000,4.000,4.000
gipsy,3.600,6.000,3.000,3.000,4.000,3.000,3.000
girly,3.400,5.000,2.300,3.000,4.000,3.000,4.000
girth,3.600,6.000,4.800,3.000,3.000,3.000,5.000
given,4.000,6.000,3.000,3.000,4.000,4.000,3.000
giver,4.800,7.000,4.300,4.000,4.000,4.000,4.000
glade,5.000,5.000,4.400,4.000,4.000,3.000,4.000
gland,4.600,4.000,4.000,4.000,4.000,4.000,4.000
glare,4.000,5.000,4.000,4.000,3.000,3.000,3.000
glass,3.400,5.000,4.000,3.000,4.000,3.000,3.000
glaze,5.400,6.000,3.800,4.000,4.000,3.000,3.000
gleam,3.600,5.000,3.000,4.000,3.000,4.000,3.000
glean,4.400,6.000,3.000,3.000,3.000,3.000,3.000
glide,4.000,5.000,3.000,3.000,3.000,3.000,3.000
glint,3.800,6.000,3.200,3.000,4.000,4.000,3.000
gloat,3.600,6.000,4.200,4.000,4.000,4.000,3.000
globe,4.000,6.000,3.200,4.000,3.000,3.000,4.000
gloom,4.400,6.000,4.700,4.000,4.000,4.000,4.000
glory,3.600,4.000,3.800,4.000,3.000,3.000,4.000
gloss,4.600,5.000,3.000,4.000,4.000,3.000,4.000
glove,4.400,6.000,2.200,4.000,4.000,4.000,4.000
glyph,3.600,3.000,3.800,3.000,3.000,4.000,4.000
gnash,3.600,6.000,3.000,4.000,4.000,3.000,4.000
gnome,4.000,6.000,3.800,4.000,4.000,3.000,4.000
godly,4.600,3.000,3.500,3.000,4.000,4.000,4.000
going,4.200,6.000,4.000,3.000,4.000,4.000,3.000
golem,4.000,6.000,4.000,4.000,3.000,3.000,4.000
golly,4.800,7.000,3.300,5.000,5.000,4.000,5.000
gonad,3.800,5.000,3.000,4.000,3.000,3.000,3.000
goner,4.000,6.000,4.400,5.000,4.000,5.000,4.000
goody,4.800,6.000,3.000,4.000,4.000,3.000,4.000
gooey,3.800,5.000,4.000,4.000,4.000,4.000,4.000
goofy,3.400,6.000,4.000,3.000,4.000,4.000,4.000
goose,4.800,6.000,6.000,4.000,3.000,3.000,5.000
gorge,4.600,5.000,3.800,4.000,3.000,3.000,4.000
gouge,4.400,4.000,3.800,4.000,3.000,3.000,4.000
gourd,3.600,4.000,3.800,4.000,3.000,3.000,3.000
grace,4.400,5.000,4.400,4.000,3.000,4.000,3.000
grade,5.200,5.000,6.000,3.000,4.000,3.000,5.800
graft,4.000,6.000,3.200,3.000,4.000,4.000,3.000
grail,4.200,6.000,3.200,3.000,3.000,4.000,4.000
grain,4.400,7.000,3.800,3.000,4.000,4.000,3.000
grand,4.200,6.000,4.000,4.000,3.000,4.000,4.000
grant,4.200,7.000,2.200,3.000,4.000,3.000,4.000
grape,3.800,5.000,4.000,4.000,4.000,4.000,3.100
graph,4.800,5.000,4.200,4.000,4.000,4.000,4.000
grasp,5.200,6.000,3.600,3.000,4.000,3.000,3.000
grass,4.600,5.000,3.400,3.000,4.000,3.000,3.000
grate,5.800,7.000,2.400,4.000,3.000,3.000,4.000
grave,5.400,7.000,2.600,4.000,4.000,3.000,4.100
gravy,4.000,6.000,4.800,4.000,4.000,4.000,4.000
graze,5.400,5.000,3.000,5.000,4.000,5.000,4.900
great,4.200,6.000,4.000,4.000,4.000,3.000,3.000
greed,4.000,5.000,4.900,4.000,4.000,4.000,4.000
green,4.200,5.000,3.200,4.000,4.000,4.000,3.000
greet,3.600,5.000,4.000,4.000,4.000,4.000,3.000
grief,3.600,6.000,3.000,3.000,4.000,4.000,3.000
grill,4.400,5.000,3.200,4.000,4.000,3.000,3.000
grime,4.200,6.000,4.800,4.000,4.000,4.000,4.000
grimy,4.200,5.000,3.000,4.000,4.000,3.000,4.000
grind,3.800,6.000,4.000,4.000,4.000,3.000,3.000
gripe,5.000,5.000,3.000,3.000,3.000,3.000,3.000
groan,5.000,6.000,3.000,3.000,4.000,3.000,4.000
groin,4.400,7.000,3.800,3.000,3.000,3.000,4.000
groom,4.800,6.000,5.000,4.000,4.000,4.000,4.000
grope,4.400,5.000,2.900,3.000,3.000,3.000,4.000
gross,4.200,4.000,4.500,3.000,4.000,3.000,3.000
group,4.000,4.000,4.200,4.000,4.000,3.000,4.000
grout,4.000,6.000,3.600,4.000,3.000,3.000,3.000
grove,3.800,6.000,4.100,3.000,4.000,4.000,3.000
growl,3.800,6.000,3.600,4.000,4.000,4.000,3.000
grown,4.200,7.000,3.600,4.000,3.000,4.000,4.000
gruel,4.000,3.000,3.900,4.000,4.000,4.000,4.000
gruff,3.400,6.000,3.200,4.000,3.000,3.000,4.000
grunt,4.000,7.000,3.200,3.000,4.000,3.000,3.000
guard,3.400,5.000,4.000,4.000,4.000,3.000,4.000
guava,4.000,6.000,4.000,3.000,3.000,4.000,3.000
guess,4.200,4.000,3.200,3.000,4.000,3.000,3.000
guest,4.600,5.000,4.000,3.000,3.000,3.000,3.000
guide,4.800,3.000,3.800,4.000,3.000,3.000,4.000
guild,4.200,5.000,3.200,3.000,4.000,4.000,5.000
guile,4.400,7.000,2.800,3.000,3.000,3.000,3.000
guilt,4.200,6.000,2.400,4.000,4.000,4.000,3.000
guise,4.000,5.000,3.000,3.000,3.000,3.000,3.000
gulch,4.000,6.000,3.200,4.000,3.000,3.000,3.000
gully,4.800,5.000,4.200,4.000,5.000,5.000,4.900
gumbo,3.800,6.000,4.400,4.000,3.000,3.000,4.000
gummy,5.200,6.000,4.000,4.000,4.000,4.000,4.000
guppy,4.200,4.000,4.000,5.000,4.000,4.000,5.000
gusto,3.600,5.000,3.000,4.000,3.000,3.000,3.000
gusty,4.400,6.000,2.200,4.000,4.000,4.000,4.000
gypsy,4.200,6.000,3.900,3.000,4.000,3.000,3.000
habit,3.800,6.000,3.200,3.000,4.000,4.000,4.000
hairy,4.000,6.000,3.200,3.000,4.000,3.000,5.000
halve,3.800,6.000,3.000,3.000,3.000,3.000,4.000
handy,5.200,5.000,4.000,5.000,4.000,4.000,4.900
happy,5.000,6.000,5.000,5.000,5.000,4.000,5.000
hardy,4.000,5.000,4.800,4.000,4.000,4.000,4.000
harem,3.800,5.000,4.000,4.000,4.000,3.000,4.000
harpy,4.200,4.000,3.800,3.000,4.000,4.000,4.000
harry,4.200,6.000,4.000,3.000,4.000,3.000,4.000
harsh,3.600,6.000,3.800,2.000,3.000,2.000,2.000
haste,5.400,5.000,4.000,3.000,3.000,3.000,4.000
hasty,4.400,6.000,3.000,4.000,3.000,4.000,4.000
hatch,4.200,8.000,6.900,4.000,4.000,4.000,5.000
hater,4.600,5.000,4.200,4.000,4.000,4.000,3.000
haunt,5.400,5.000,6.500,4.000,4.000,4.000,4.000
haute,4.000,5.000,3.000,3.000,3.000,3.000,3.000
haven,4.000,5.000,5.000,3.000,4.000,4.000,4.000
havoc,4.200,5.000,3.900,4.000,4.000,4.000,4.000
hazel,4.400,5.000,4.000,3.000,4.000,4.000,4.000
heady,4.400,5.000,3.600,4.000,3.000,3.000,4.000
heard,4.400,5.000,4.000,3.000,3.000,3.000,3.000
heart,3.600,6.000,2.800,3.000,2.000,3.000,2.000
heath,4.400,6.000,3.200,4.000,3.000,3.000,3.000
heave,4.400,5.000,5.000,4.000,4.000,3.000,3.000
heavy,4.200,6.000,3.000,3.000,3.000,3.000,3.000
hedge,4.000,5.000,3.800,3.000,4.000,3.000,3.000
hefty,4.000,6.000,2.400,4.000,3.000,4.000,3.000
heist,3.600,5.000,4.600,2.000,4.000,3.000,2.000
helix,3.600,5.000,3.200,3.000,4.000,4.000,3.000
hello,4.200,4.000,4.000,4.000,4.000,4.000,4.000
hence,4.200,5.000,4.800,4.000,4.000,4.000,3.000
heron,3.800,5.000,3.200,4.000,3.000,3.000,3.000
hilly,4.800,5.000,6.800,5.000,5.000,5.000,4.000
hinge,4.200,6.000,3.800,3.000,4.000,4.000,3.000
hippo,4.200,5.000,4.000,3.000,4.000,3.000,3.000
hippy,4.200,6.000,4.000,3.000,4.000,4.000,4.000
hitch,5.000,7.000,5.800,4.000,4.000,4.000,4.000
hoard,3.600,5.000,3.000,4.000,3.000,3.000,4.000
hobby,4.400,5.000,3.800,3.000,3.000,5.000,4.000
hoist,4.000,5.000,4.500,3.000,4.000,3.000,3.000
holly,5.400,6.000,4.200,4.000,4.000,4.000,4.000
homer,3.600,5.000,5.000,4.000,3.000,3.000,5.000
honey,4.600,5.000,5.000,4.000,4.000,4.000,4.000
honor,3.800,5.000,3.800,3.000,3.000,4.000,4.000
horde,4.400,3.000,4.700,4.000,3.000,3.000,4.000
horny,3.800,5.000,3.000,4.000,3.000,3.000,4.000
horse,4.400,5.000,3.000,3.000,3.000,2.000,3.000
hotel,3.400,6.000,3.200,3.000,3.000,3.000,3.000
hotly,3.800,6.000,3.200,4.000,3.000,3.000,3.000
hound,5.400,5.000,5.400,4.000,4.000,4.000,4.000
house,3.800,5.000,4.000,3.000,3.000,3.000,4.000
hovel,4.600,6.000,4.000,4.000,4.000,4.000,4.000
hover,4.800,5.000,4.000,5.000,4.000,4.000,4.700
howdy,4.000,5.000,3.200,4.000,4.000,5.000,4.000
human,3.800,5.000,4.000,3.000,3.000,4.000,3.000
humid,3.400,4.000,3.200,4.000,4.000,4.000,3.000
humor,2.800,5.000,3.100,4.000,4.000,4.000,4.000
humph,3.800,4.000,4.000,4.000,3.000,4.000,4.000
humus,3.600,5.000,3.100,4.000,3.000,3.000,3.000
hunch,5.800,7.000,5.800,4.000,4.000,4.000,4.000
hunky,4.400,5.000,4.900,4.000,4.000,4.000,4.000
hurry,4.000,5.000,4.700,4.000,4.000,3.000,4.000
husky,3.600,6.000,3.000,4.000,4.000,3.000,4.000
hussy,4.200,7.000,4.000,3.000,4.000,3.000,3.000
hutch,4.200,7.000,5.000,3.000,4.000,4.000,3.000
hydro,3.800,2.000,2.900,3.000,3.000,3.000,4.000
hyena,4.000,4.000,4.000,4.000,4.000,4.000,4.000
hymen,3.800,4.000,4.000,4.000,4.000,4.000,4.000
hyper,4.200,3.000,5.000,4.000,4.000,4.000,3.000
icily,3.800,4.000,4.100,3.000,3.000,3.000,4.000
icing,4.800,6.000,3.400,4.000,4.000,3.000,4.000
ideal,4.200,4.000,3.800,3.000,4.000,4.000,4.000
idiom,4.000,5.000,4.000,4.000,4.000,3.000,4.000
idiot,3.200,5.000,3.800,4.000,3.000,3.000,3.000
idler,3.400,3.000,2.900,3.000,4.000,3.000,4.000
idyll,3.400,3.000,3.000,3.000,3.000,4.000,4.000
igloo,4.200,5.000,4.000,3.000,3.000,3.000,3.000
iliac,4.000,6.000,3.200,3.000,4.000,3.000,3.000
image,4.000,6.000,3.000,2.000,4.000,3.000,3.000
imbue,4.400,5.000,3.800,4.000,4.000,3.000,4.000
impel,3.000,5.000,3.200,3.000,3.000,4.000,3.000
imply,4.400,5.000,3.300,4.000,4.000,4.000,4.000
inane,4.400,7.000,4.800,3.000,4.000,3.000,3.000
inbox,3.400,6.000,3.800,3.000,3.000,4.000,4.000
incur,3.800,4.000,3.000,3.000,4.000,3.000,3.000
index,4.200,5.000,3.000,3.000,4.000,4.000,3.000
inept,3.800,4.000,3.900,4.000,3.000,3.000,3.000
inert,4.000,6.000,3.200,3.000,3.000,3.000,3.000
infer,3.800,6.000,3.100,4.000,4.000,4.000,3.000
ingot,4.200,7.000,3.000,3.000,3.000,3.000,3.000
inlay,3.400,6.000,3.000,3.000,3.000,4.000,3.000
inlet,3.200,7.000,3.800,3.000,4.000,3.000,3.000
inner,4.400,6.000,3.200,3.000,4.000,4.000,3.000
input,3.400,4.000,3.000,3.000,4.000,3.000,3.000
inter,4.200,6.000,3.600,3.000,3.000,4.000,4.000
intro,4.200,6.000,3.700,3.000,3.000,3.000,3.000
ionic,4.400,7.000,3.200,4.000,4.000,3.000,3.000
irate,5.000,10.000,3.800,2.000,3.000,3.000,3.000
irony,3.800,6.000,2.800,3.000,3.000,3.000,4.000
islet,3.800,4.000,2.200,2.000,3.000,4.000,3.000
issue,3.400,6.000,3.000,3.000,3.000,3.000,4.000
itchy,3.600,5.000,2.800,3.000,4.000,4.000,3.000
ivory,4.200,6.000,3.100,4.000,4.000,3.000,4.000
jaunt,5.200,8.000,4.000,5.000,5.000,5.000,5.000
jazzy,5.400,6.000,4.000,4.000,5.000,4.000,4.000
jelly,5.000,7.000,4.000,4.000,4.000,4.000,4.000
jerky,4.600,7.000,4.800,4.000,4.000,4.000,3.000
jetty,4.000,5.000,4.600,4.000,4.000,4.000,3.000
jewel,4.400,6.000,4.200,4.000,4.000,4.000,4.000
jiffy,5.400,6.000,4.000,5.000,5.000,4.000,4.000
joint,4.400,7.000,3.600,3.000,3.000,3.000,3.000
joist,4.200,6.000,3.000,3.000,4.000,4.000,2.100
joker,5.800,8.000,5.000,5.000,3.000,4.000,4.600
jolly,4.200,7.000,6.200,5.000,5.000,5.000,4.000
joust,4.200,5.000,3.800,3.000,4.000,3.000,3.000
judge,4.800,5.000,5.100,4.000,5.000,4.000,5.000
juice,4.200,4.000,3.800,3.000,4.000,3.000,3.000
juicy,4.000,4.000,4.000,4.000,3.000,3.000,4.000
jumbo,4.000,6.000,3.800,3.000,4.000,4.000,3.000
jumpy,4.600,4.000,4.000,4.000,4.000,4.000,4.000
junta,3.600,6.000,4.000,4.000,3.000,4.000,4.000
junto,3.600,5.000,3.800,4.000,3.000,3.000,4.000
juror,5.800,7.000,4.000,3.000,4.000,4.000,3.000
kappa,4.000,5.000,4.000,4.000,4.000,4.000,4.000
karma,3.600,5.000,3.200,3.000,4.000,3.000,3.000
kayak,4.000,5.000,4.000,3.000,4.000,4.000,4.000
kebab,4.600,6.000,3.800,4.000,4.000,4.000,3.000
khaki,3.800,6.000,3.000,3.000,3.000,3.000,3.000
kinky,4.400,7.000,4.100,4.000,4.000,4.000,4.000
kiosk,4.000,5.000,3.800,3.000,3.000,3.000,3.000
kitty,5.400,8.000,3.900,5.000,4.000,5.000,5.000
knack,4.000,7.000,3.000,4.000,4.000,3.000,3.000
knave,4.200,7.000,3.000,3.000,4.000,4.000,4.000
knead,4.000,6.000,3.000,4.000,3.000,4.000,4.000
kneed,4.400,5.000,4.000,3.000,3.000,3.000,4.000
kneel,4.400,5.000,4.600,3.000,3.000,3.000,3.000
knelt,3.800,4.000,3.200,3.000,4.000,4.000,3.000
knife,3.800,6.000,4.000,3.000,3.000,4.000,4.000
knock,4.000,5.000,3.200,4.000,3.000,3.000,3.000
knoll,3.800,5.000,3.700,4.000,3.000,3.000,4.000
known,4.000,5.000,3.200,4.000,4.000,3.000,3.000
koala,4.000,5.000,3.600,4.000,3.000,3.000,3.000
krill,4.800,5.000,3.300,3.000,3.000,4.000,4.000
label,4.400,7.000,5.600,3.000,4.000,4.000,4.000
labor,3.800,6.000,3.000,4.000,4.000,4.000,4.000
laden,3.400,3.000,3.800,4.000,4.000,3.000,4.000
ladle,4.000,4.000,5.000,4.000,4.000,4.000,5.000
lager,4.200,6.000,3.000,4.000,4.000,3.000,3.000
lance,4.000,5.000,3.800,3.000,4.000,4.000,3.000
lanky,3.800,6.000,3.800,4.000,3.000,3.000,3.000
lapel,3.800,5.000,4.200,4.000,4.000,4.000,4.000
lapse,3.600,4.000,3.200,3.000,4.000,3.000,3.000
large,4.000,4.000,4.600,3.000,3.000,3.000,3.000
larva,4.000,6.000,3.000,4.000,4.000,3.000,4.000
lasso,3.800,6.000,3.000,3.000,3.000,3.000,3.000
latch,4.800,4.000,4.000,4.000,3.000,3.000,3.000
later,3.800,6.000,2.800,4.000,4.000,3.000,3.000
lathe,4.200,7.000,2.800,3.000,3.000,3.000,3.000
latte,4.600,6.000,2.200,4.000,3.000,4.000,2.000
laugh,3.600,4.000,4.000,3.000,3.000,4.000,4.000
layer,4.800,3.000,3.300,3.000,4.000,4.000,3.000
leach,4.400,6.000,3.800,4.000,3.000,4.000,3.000
leafy,5.000,5.000,3.100,3.000,3.000,3.000,3.000
leaky,4.600,5.000,3.700,4.000,4.000,4.000,4.000
leant,3.200,6.000,2.000,3.000,3.000,3.000,2.000
leapt,4.200,4.000,3.000,3.000,3.000,3.000,3.000
learn,4.400,5.000,2.800,4.000,3.000,3.000,3.000
lease,3.800,4.000,2.400,3.000,3.000,3.000,3.000
leash,4.600,6.000,2.000,3.000,3.000,3.000,2.000
least,4.000,5.000,2.600,3.000,4.000,3.000,3.000
leave,3.800,5.000,3.200,3.000,3.000,3.000,3.000
ledge,3.800,4.000,4.000,3.000,4.000,3.000,3.000
leech,3.400,4.000,4.800,4.000,3.000,4.000,3.000
leery,4.400,4.000,3.200,4.000,3.000,3.000,4.000
lefty,4.000,5.000,2.200,4.000,3.000,4.000,4.000
legal,3.600,6.000,3.200,4.000,3.000,4.000,3.000
leggy,3.600,5.000,4.000,4.000,3.000,4.000,3.000
lemon,4.200,6.000,3.200,4.000,3.000,3.000,3.000
lemur,4.000,4.000,3.100,3.000,3.000,4.000,3.000
leper,4.000,4.000,4.000,4.000,4.000,4.000,4.000
level,3.600,8.000,3.400,4.000,3.000,4.000,4.000
lever,4.400,4.000,4.100,4.000,4.000,5.000,3.000
libel,4.200,7.000,4.000,3.000,3.000,4.000,3.000
liege,3.800,4.000,3.300,3.000,4.000,4.000,3.000
light,5.000,6.000,3.000,4.000,4.000,3.000,3.000
liken,3.400,7.000,3.000,3.000,3.000,4.000,3.000
lilac,4.400,4.000,3.400,4.000,3.000,3.000,3.000
limbo,3.600,5.000,3.800,4.000,3.000,4.000,3.000
limit,3.400,5.000,4.000,5.000,4.000,4.000,3.000
linen,4.400,7.000,4.000,3.000,3.000,3.000,3.000
liner,4.000,6.000,3.400,4.000,4.000,4.000,3.000
lingo,4.000,5.000,3.200,4.000,3.000,3.000,3.000
lipid,4.200,3.000,4.000,3.000,4.000,4.000,4.000
lithe,3.400,7.000,3.000,3.000,3.000,3.000,3.000
liver,3.800,6.000,2.500,3.000,5.000,4.000,3.000
livid,4.600,5.000,3.600,3.000,4.000,4.000,4.000
llama,4.000,5.000,4.800,3.000,4.000,3.000,4.000
loamy,3.600,5.000,3.600,3.000,2.000,2.000,3.000
loath,3.800,5.000,2.200,4.000,2.000,3.000,3.000
lobby,4.000,6.000,3.900,4.000,3.000,4.000,4.000
local,4.800,5.000,5.000,4.000,3.000,3.000,3.000
locus,4.000,3.000,2.300,3.000,3.000,4.000,3.000
lodge,4.200,3.000,3.000,3.000,3.000,3.000,3.000
lofty,4.000,6.000,2.400,4.000,3.000,3.000,4.000
logic,3.800,4.000,3.800,3.000,4.000,3.000,3.000
login,4.200,6.000,3.000,3.000,4.000,3.000,3.000
loopy,4.800,3.000,3.900,4.000,4.000,4.000,4.000
loose,4.000,5.000,3.000,3.000,3.000,3.000,3.000
lorry,4.400,4.000,3.200,4.000,4.000,3.000,3.000
loser,3.600,4.000,3.200,4.000,3.000,2.000,4.000
louse,3.800,4.000,2.000,3.000,3.000,3.000,3.000
lousy,4.000,3.000,2.900,3.000,3.000,3.000,3.000
lover,5.000,5.000,3.100,5.000,4.000,4.000,4.000
lower,4.400,5.000,3.100,5.000,4.000,4.000,5.000
lowly,4.600,7.000,4.300,4.000,4.000,4.000,4.000
loyal,4.600,4.000,3.400,4.000,4.000,4.000,4.000
lucid,3.600,3.000,3.100,4.000,4.000,3.000,3.000
lucky,4.200,3.000,4.000,4.000,4.000,4.000,3.000
lumen,4.400,4.000,3.200,4.000,4.000,4.000,3.000
lumpy,3.400,3.000,3.100,4.000,3.000,4.000,4.000
lunar,4.000,5.000,3.000,4.000,4.000,4.000,4.000
lunch,4.800,6.000,3.600,4.000,4.000,3.000,4.000
lunge,4.200,5.000,3.900,3.000,3.000,4.000,3.000
lupus,3.400,4.000,3.000,3.000,3.000,3.000,3.000
lurch,4.000,4.000,3.000,3.000,3.000,4.000,3.000
lurid,3.800,4.000,3.100,3.000,3.000,3.000,3.000
lusty,3.600,5.000,2.600,4.000,4.000,4.000,5.000
lying,4.000,5.000,3.000,3.000,3.000,3.000,4.000
lymph,3.600,3.000,4.000,4.000,3.000,4.000,4.000
lynch,3.600,4.000,3.200,3.000,3.000,4.000,3.000
lyric,3.400,4.000,3.100,3.000,3.000,4.000,3.000
macaw,3.800,6.000,4.200,4.000,4.000,3.000,3.000
macho,4.000,5.000,3.200,4.000,4.000,3.000,3.000
macro,3.600,6.000,3.000,3.000,3.000,3.000,3.000
madam,3.400,5.000,5.000,4.000,4.000,4.000,4.000
madly,4.000,4.000,3.000,4.000,4.000,4.000,4.000
mafia,4.200,6.000,5.000,4.000,4.000,4.000,4.000
magic,3.200,6.000,3.000,3.000,4.000,3.000,3.000
magma,4.200,7.000,4.000,4.000,4.000,5.000,4.000
maize,4.400,6.000,4.300,3.000,4.000,4.000,4.000
major,5.000,6.000,3.200,4.000,3.000,3.000,3.000
maker,4.800,7.000,4.100,3.000,4.000,4.000,5.000
mambo,4.400,6.000,4.000,4.000,4.000,4.000,4.000
mamma,4.800,6.000,5.000,4.000,4.000,4.000,4.000
mammy,5.000,5.000,3.800,4.000,5.000,5.000,4.000
manga,4.200,6.000,4.200,4.000,4.000,4.000,4.000
mange,4.200,6.000,2.900,4.000,4.000,4.000,3.000
mango,4.000,6.000,3.200,3.000,4.000,4.000,3.000
mangy,4.400,6.000,3.000,4.000,4.000,4.000,5.000
mania,3.800,6.000,4.800,3.000,3.000,4.000,3.000
manic,4.600,6.000,3.800,4.000,4.000,3.000,4.000
manly,4.200,5.000,3.600,5.000,3.000,4.000,4.000
manor,3.400,6.000,2.600,4.000,3.000,3.000,4.000
maple,4.000,6.000,2.400,3.000,3.000,4.000,4.000
march,3.800,5.000,3.000,3.000,3.000,4.000,3.000
marry,4.400,5.000,4.400,4.000,4.000,3.000,3.000
marsh,4.400,5.000,2.800,3.000,4.000,3.000,3.000
mason,3.200,5.000,3.000,3.000,3.000,3.000,4.000
masse,3.800,6.000,4.000,3.000,3.000,3.000,3.000
match,6.600,5.000,3.800,4.000,4.000,4.000,4.000
matey,4.000,4.000,3.200,3.800,4.000,3.000,3.000
mauve,4.000,5.000,4.000,3.000,3.000,3.000,4.000
maxim,4.000,6.000,4.000,3.000,4.000,4.000,3.000
maybe,4.000,5.000,3.000,3.000,4.000,4.000,4.000
mayor,4.600,4.000,3.800,4.000,4.000,4.000,5.000
mealy,3.800,5.000,2.500,4.000,3.000,4.000,3.000
meant,3.200,5.000,3.000,4.000,3.000,4.000,3.000
meaty,4.200,5.000,3.200,4.000,3.000,3.000,3.000
mecca,3.600,5.000,3.800,4.000,3.000,3.000,3.000
medal,5.200,4.000,4.000,4.000,3.000,4.000,3.000
media,3.800,4.000,3.700,2.000,4.000,4.000,3.000
medic,3.200,3.000,3.000,4.000,4.000,3.000,4.000
melee,3.800,5.000,4.000,3.000,4.000,4.000,4.000
melon,4.200,6.000,4.600,3.000,3.000,4.000,3.000
mercy,4.800,3.000,3.200,4.000,4.000,4.000,3.000
merge,3.800,5.000,4.000,3.000,3.000,4.000,3.000
merit,3.400,5.000,3.800,4.000,4.000,3.000,3.000
merry,5.200,5.000,4.200,3.000,5.000,4.000,4.000
metal,3.600,5.000,4.200,4.000,4.000,4.000,3.000
meter,5.200,5.000,4.400,3.000,4.000,5.000,2.000
metro,3.600,5.000,3.600,3.000,3.000,2.000,3.000
micro,3.400,6.000,3.000,4.000,4.000,3.000,4.000
midge,3.600,5.000,4.000,3.000,3.000,4.000,4.000
midst,3.600,4.000,3.000,3.000,3.000,3.000,3.000
might,5.000,5.000,5.800,5.000,4.000,4.000,3.100
milky,4.200,5.000,4.200,5.000,4.000,5.000,4.000
mimic,3.600,6.000,4.000,4.000,4.000,3.000,4.000
mince,3.800,5.000,3.800,3.000,3.000,3.000,4.000
miner,5.000,6.000,3.200,4.000,4.000,4.000,5.000
minim,4.600,6.000,4.000,4.000,4.000,4.000,4.000
minor,4.000,6.000,3.200,3.000,3.000,4.000,4.000
minty,4.200,6.000,3.300,3.000,3.000,3.000,4.000
minus,4.800,5.000,3.100,4.000,3.000,4.000,3.000
mirth,4.000,5.000,2.900,4.000,3.000,4.000,4.000
miser,4.400,5.000,4.000,2.000,4.000,3.000,3.000
missy,4.400,5.000,3.800,3.000,3.000,3.000,3.000
mocha,3.400,5.000,3.000,3.000,4.000,4.000,3.000
modal,4.400,3.000,3.700,3.000,3.000,3.000,3.000
model,4.000,3.000,3.800,4.000,3.000,3.000,3.000
modem,3.800,4.000,3.200,4.000,4.000,4.000,4.000
mogul,4.000,3.000,3.300,3.000,4.000,3.000,4.000
moist,3.600,5.000,4.700,3.000,3.000,3.000,4.800
molar,4.200,5.000,3.000,4.000,3.000,3.000,3.000
moldy,3.800,3.000,3.700,3.000,3.000,4.000,4.000
money,3.800,5.000,4.000,4.000,4.000,3.000,3.000
month,3.600,5.000,3.800,4.000,3.000,4.000,3.000
moody,4.200,5.000,4.000,4.000,4.000,4.000,4.000
moose,4.200,5.000,5.000,4.000,3.000,3.000,4.000
moral,4.000,5.000,3.700,4.000,3.000,3.000,3.000
moron,3.800,6.000,4.000,4.000,3.000,3.000,3.000
morph,4.200,4.000,4.000,4.000,4.000,4.000,4.000
mossy,4.600,5.000,3.100,3.000,4.000,3.000,4.000
motel,4.400,6.000,2.200,4.000,3.000,3.000,4.000
motif,3.600,6.000,3.800,4.000,3.000,4.000,4.000
motor,4.000,6.000,3.400,3.000,3.000,3.000,3.000
motto,4.400,5.000,3.900,4.000,3.000,4.000,3.000
moult,4.200,3.000,3.000,3.000,3.000,3.000,3.000
mound,3.800,5.000,4.000,4.000,4.000,4.000,4.000
mount,3.400,5.000,3.000,4.000,3.000,4.000,3.000
mourn,3.600,4.000,3.800,4.000,3.000,3.000,3.000
mouse,4.200,5.000,3.000,4.000,4.000,3.000,3.000
mouth,4.600,5.000,3.200,4.000,3.000,3.000,4.000
mover,4.800,6.000,5.000,5.000,3.000,5.000,4.300
movie,3.600,5.000,4.000,3.000,3.000,3.000,4.000
mower,5.600,6.000,4.000,5.000,3.000,4.000,4.700
mucky,4.400,4.000,3.200,4.000,4.000,4.000,4.000
mucus,3.600,5.000,3.100,4.000,4.000,4.000,4.000
muddy,4.200,5.000,4.000,3.000,4.000,4.000,4.000
mulch,3.200,5.000,3.900,4.000,3.000,4.000,4.000
mummy,4.400,6.000,5.000,5.000,4.000,5.000,5.000
munch,4.600,5.000,4.000,4.000,4.000,4.000,4.000
mural,4.200,5.000,3.000,4.000,3.000,3.000,3.000
murky,4.000,5.000,3.200,4.000,3.000,4.000,4.000
mushy,4.000,5.000,2.300,4.000,3.000,4.000,3.000
music,4.000,5.000,3.000,3.000,4.000,3.000,3.000
musky,4.400,6.000,3.200,4.000,4.000,4.000,4.000
musty,4.000,6.000,3.000,4.000,4.000,4.000,3.000
myrrh,3.400,4.000,3.000,4.000,4.000,3.000,4.000
nadir,3.800,4.000,3.200,3.000,3.000,4.000,3.000
naive,4.000,6.000,3.200,3.000,4.000,4.000,4.000
nanny,4.400,6.000,5.000,4.000,5.000,4.000,3.100
nasal,4.200,7.000,3.000,3.000,3.000,3.000,3.000
nasty,3.800,6.000,4.000,3.000,3.000,3.000,4.800
natal,4.800,7.000,3.000,4.000,3.000,3.000,3.000
naval,4.200,7.000,3.800,3.000,4.000,4.000,4.000
navel,4.000,7.000,4.000,3.800,3.000,3.000,4.000
needy,3.800,5.000,4.000,3.000,3.000,3.000,3.000
neigh,4.000,6.000,4.000,3.000,4.000,4.000,3.000
nerdy,4.200,4.000,3.000,4.000,4.000,3.000,3.000
nerve,4.000,6.000,4.100,3.000,4.000,3.000,3.000
never,4.400,7.000,4.400,5.000,4.000,5.000,4.000
newer,4.600,7.000,3.400,4.000,4.000,5.000,3.000
newly,3.400,6.000,3.800,4.000,3.000,4.000,3.000
nicer,3.400,4.000,3.100,3.000,4.000,5.000,3.000
niche,3.600,6.000,3.200,3.000,4.000,4.000,3.000
niece,4.600,5.000,4.000,4.000,4.000,4.000,4.000
night,3.600,6.000,3.200,4.000,3.000,4.000,3.000
ninja,3.800,6.000,3.200,4.000,4.000,4.000,4.000
ninny,4.600,7.000,3.800,4.000,5.000,3.000,4.000
ninth,4.000,6.000,4.200,3.000,3.000,4.000,4.000
noble,4.000,4.000,3.000,3.000,3.000,3.000,3.000
nobly,3.800,7.000,3.500,3.000,4.000,4.000,3.000
noise,4.000,5.000,4.000,3.000,3.000,3.000,3.000
noisy,4.000,6.000,3.800,3.000,4.000,3.000,3.000
nomad,4.000,5.000,3.800,4.000,3.000,3.000,4.000
noose,4.000,6.000,4.000,4.000,4.000,4.000,3.000
north,4.200,6.000,3.000,4.000,3.000,3.000,3.000
nosey,3.800,4.000,3.000,4.000,3.000,2.000,4.000
notch,3.400,6.000,4.000,3.000,3.000,4.000,4.000
novel,4.200,6.000,3.000,4.000,4.000,4.000,4.000
nudge,4.400,4.000,5.700,3.000,3.000,4.000,3.000
nurse,3.400,5.000,3.000,3.000,4.000,3.000,3.000
nutty,3.400,7.000,3.800,4.000,3.000,3.000,3.000
nylon,3.600,3.000,3.700,4.000,3.000,4.000,3.000
nymph,3.400,3.000,3.000,3.000,3.000,4.000,4.000
oaken,4.000,5.000,4.000,3.800,3.000,3.000,3.000
obese,4.000,4.000,4.000,4.000,3.000,3.000,4.000
occur,3.800,4.000,4.000,3.000,4.000,3.000,3.000
ocean,3.400,4.000,3.800,4.000,3.000,3.000,4.000
octal,3.600,4.000,3.200,4.000,3.000,3.000,3.000
octet,3.800,3.000,3.900,4.000,3.000,3.000,3.000
odder,4.200,2.000,3.300,4.000,3.000,3.000,5.000
oddly,3.400,2.000,3.700,4.000,4.000,4.000,4.000
offal,4.400,6.000,3.200,4.000,4.000,3.000,4.000
offer,3.600,6.000,4.000,4.000,3.000,3.000,5.000
often,4.000,5.000,3.600,3.000,3.000,3.000,3.000
olden,3.600,4.000,2.900,4.000,3.000,3.000,3.000
older,4.400,4.000,2.300,4.000,4.000,4.000,3.000
olive,4.000,5.000,3.000,3.000,3.000,3.000,4.000
ombre,3.600,5.000,3.800,4.000,3.000,3.000,5.000
omega,3.800,4.000,3.800,4.000,3.000,3.000,3.000
onion,3.800,5.000,4.800,4.000,3.000,3.000,3.000
onset,3.200,4.000,3.000,4.000,3.000,2.000,4.000
opera,3.800,4.000,2.900,4.000,2.000,2.000,3.000
opine,4.600,4.000,3.200,4.000,3.000,3.000,4.000
opium,3.800,4.000,3.800,3.000,4.000,4.000,4.000
optic,4.400,4.000,3.000,3.000,3.000,3.000,3.000
orbit,3.600,6.000,3.800,3.000,4.000,4.000,3.000
order,3.600,4.000,4.000,4.000,3.000,3.000,4.000
organ,3.600,6.000,4.000,3.000,4.000,4.000,4.000
other,3.800,5.000,3.500,3.000,2.000,3.000,3.000
otter,4.600,6.000,3.800,3.000,3.000,4.000,3.000
ought,3.400,5.000,3.200,4.000,3.000,3.000,3.000
ounce,3.600,3.000,4.000,3.000,3.000,3.000,3.000
outdo,3.600,3.000,4.200,3.000,3.000,3.000,3.000
outer,5.000,3.000,3.000,3.000,3.000,3.000,3.000
outgo,3.600,5.000,3.400,4.000,4.000,4.000,4.000
ovary,4.600,5.000,4.000,4.000,3.000,2.000,3.000
ovate,4.200,6.000,3.000,4.000,2.000,2.000,3.000
overt,4.000,4.000,3.200,3.000,3.000,3.000,4.000
ovine,3.800,6.000,3.000,3.000,4.000,4.000,3.000
ovoid,3.200,5.000,4.000,4.000,3.000,4.000,3.000
owing,4.600,7.000,3.800,4.000,4.000,3.000,4.000
owner,3.000,6.000,3.200,3.000,3.000,4.000,3.000
oxide,4.200,5.000,4.000,4.000,4.000,3.000,5.000
ozone,4.200,5.000,4.000,4.000,3.000,3.000,4.000
paddy,4.800,2.000,5.300,5.000,5.000,4.000,5.000
pagan,3.600,6.000,4.000,4.000,4.000,4.000,4.000
paint,4.200,6.000,2.600,3.000,4.000,4.000,3.000
paler,4.800,4.000,4.500,4.000,3.000,4.000,3.000
palsy,3.800,3.000,3.000,3.000,3.000,3.000,3.000
panel,3.400,5.000,3.400,3.000,3.000,3.000,3.000
panic,4.000,5.000,4.000,4.000,4.000,4.000,3.000
pansy,3.400,5.000,3.000,3.000,3.000,3.000,3.000
papal,3.600,4.000,4.100,4.000,4.000,4.000,4.000
paper,4.600,6.000,3.800,4.000,4.000,4.000,5.000
parer,5.000,6.000,4.400,3.000,4.000,5.000,3.000
parka,4.200,5.000,4.000,4.000,3.000,4.000,3.000
parry,4.000,6.000,3.800,3.000,4.000,3.000,3.000
parse,4.000,4.000,3.000,2.000,3.000,3.000,3.000
party,4.400,6.000,2.400,3.000,2.000,3.000,3.000
pasta,3.600,4.000,3.000,3.000,3.000,3.000,3.000
paste,4.800,5.000,2.000,4.000,4.000,3.000,3.000
pasty,3.600,6.000,2.000,4.000,3.000,4.000,2.100
patch,5.800,6.000,3.400,4.000,4.000,4.000,4.000
patio,3.600,6.000,3.100,3.000,3.000,3.000,3.000
patsy,4.200,6.000,3.000,3.000,4.000,3.000,2.000
patty,4.800,6.000,3.200,4.000,3.000,4.000,5.000
pause,3.800,4.000,3.400,3.000,4.000,3.000,3.000
payee,3.600,3.000,4.700,4.000,4.000,4.000,4.000
payer,4.600,3.000,3.400,3.000,4.000,4.000,4.000
peace,3.800,5.000,5.000,3.000,4.000,4.000,3.000
peach,3.600,5.000,3.200,3.000,4.000,3.000,3.000
pearl,3.800,5.000,3.700,4.000,3.000,3.000,3.000
pecan,3.800,5.000,3.100,3.000,3.000,3.000,3.000
pedal,4.600,2.000,3.000,3.000,4.000,4.000,2.000
penal,3.600,5.000,3.800,4.000,3.000,3.000,3.000
pence,4.200,5.000,3.200,4.000,4.000,4.000,4.000
penne,4.000,4.000,4.000,4.000,3.000,4.000,4.000
penny,4.000,5.000,4.800,4.000,4.000,4.000,3.000
perch,4.000,4.000,3.900,4.000,4.000,3.000,5.000
peril,4.400,5.000,3.100,3.000,4.000,4.000,4.000
perky,4.200,4.000,3.800,5.000,4.000,4.000,4.000
pesky,3.800,4.000,3.000,3.000,3.000,3.000,3.000
pesto,4.200,4.000,3.200,3.000,2.000,3.000,3.000
petal,4.400,5.000,2.400,3.000,3.000,4.000,4.000
petty,4.000,5.000,3.800,4.000,3.000,4.000,3.000
phase,4.000,5.000,3.000,3.000,3.000,3.000,2.000
phone,4.000,4.000,3.000,3.000,4.000,4.000,3.000
phony,3.800,3.000,3.000,4.000,3.000,3.000,3.000
photo,4.000,5.000,3.000,4.000,3.000,4.000,3.000
piano,3.800,6.000,3.000,3.000,3.000,2.000,3.000
picky,4.000,3.000,4.000,3.000,4.000,4.000,4.000
piece,4.000,4.000,3.200,4.000,4.000,4.000,3.000
piety,3.800,4.000,3.600,4.000,3.000,4.000,3.000
piggy,3.200,6.000,4.200,4.000,5.000,4.000,4.000
pilot,3.200,4.000,3.200,4.000,3.000,3.000,3.000
pinch,3.800,6.000,3.800,3.000,4.000,4.000,5.000
piney,3.400,3.000,3.000,3.000,3.000,4.000,3.000
pinky,4.800,6.000,3.100,3.000,4.000,4.000,5.000
pinto,4.200,6.000,3.100,3.000,3.000,3.000,4.000
piper,5.200,5.000,5.200,4.000,4.000,4.000,3.000
pique,4.000,4.000,3.200,4.000,4.000,4.000,4.000
pitch,4.000,6.000,4.600,3.000,4.000,4.000,4.000
pithy,4.000,5.000,4.000,3.000,4.000,4.000,3.000
pivot,3.600,5.000,3.800,3.000,4.000,4.000,4.000
pixel,3.800,5.000,3.000,3.000,4.000,4.000,3.000
pixie,4.600,4.000,4.200,4.000,4.000,4.000,5.000
pizza,4.800,5.000,4.000,4.000,3.000,4.000,3.000
place,2.800,3.000,4.800,3.000,3.000,4.000,3.000
plaid,4.000,3.000,3.800,3.000,3.000,3.000,4.000
plain,3.600,6.000,3.000,3.000,4.000,3.000,3.000
plait,4.200,5.000,3.000,3.000,3.000,4.000,2.000
plane,3.600,5.000,5.800,3.000,4.000,5.000,4.000
plank,3.600,7.000,4.000,4.000,4.000,4.000,4.000
plant,3.600,7.000,2.000,3.000,3.000,4.000,3.000
plate,3.800,5.000,2.000,3.000,3.000,4.000,3.000
plaza,3.800,4.000,4.000,4.000,4.000,4.000,3.000
plead,3.600,3.000,4.000,3.000,4.000,4.000,4.000
pleat,3.800,4.000,3.800,3.000,3.000,4.000,3.000
plied,4.200,3.000,3.900,3.000,4.000,4.000,3.000
plier,4.000,3.000,3.900,3.000,4.000,4.000,3.000
pluck,3.800,3.000,3.700,3.000,5.000,3.000,4.000
plumb,3.400,6.000,3.200,3.000,4.000,4.000,3.000
plume,4.200,3.000,4.000,4.000,4.000,4.000,5.000
plump,4.200,6.000,4.000,4.000,4.000,4.000,4.000
plunk,4.600,5.000,3.200,4.000,4.000,4.000,4.000
plush,4.800,4.000,4.200,3.000,4.000,4.000,4.000
poesy,3.600,3.000,2.800,3.000,3.000,3.000,4.000
point,3.400,4.000,4.200,4.000,4.000,4.000,4.000
poise,3.200,4.000,3.000,2.000,4.000,3.000,3.000
poker,4.800,5.000,6.000,4.000,4.000,5.000,3.000
polar,4.000,4.000,4.000,4.000,3.000,3.000,3.000
polka,3.400,4.000,4.000,3.000,3.000,3.000,3.000
polyp,3.600,2.000,3.700,4.000,3.000,3.000,4.000
pooch,3.400,4.000,3.200,4.000,4.000,4.000,3.000
poppy,4.800,3.000,5.000,4.000,4.000,5.000,5.000
porch,3.800,4.000,4.100,4.000,3.000,3.000,3.000
poser,5.000,4.000,2.200,3.000,4.000,3.000,3.000
posit,3.600,4.000,3.000,3.000,3.000,4.000,4.000
posse,4.400,4.000,4.000,3.000,3.000,3.000,3.000
pouch,4.600,3.000,3.000,4.000,4.000,3.000,4.000
pound,4.200,2.000,5.000,4.000,5.000,4.000,4.000
pouty,4.200,3.000,3.000,3.000,3.000,3.000,3.000
power,5.200,5.000,5.000,5.000,4.000,4.000,4.000
prank,3.600,6.000,4.600,4.000,4.000,4.000,3.000
prawn,5.000,6.000,4.000,4.000,3.000,4.000,4.000
preen,3.400,4.000,3.900,4.000,4.000,4.000,3.000
press,4.200,4.000,3.600,3.000,4.000,4.000,3.000
price,4.400,4.000,2.700,3.000,4.000,3.000,3.000
prick,5.400,4.000,3.800,3.000,4.000,4.000,4.000
pride,4.600,3.000,3.700,3.000,4.000,3.000,3.000
pried,4.400,3.000,4.800,4.000,4.000,4.000,3.000
prime,4.400,5.000,3.100,3.000,3.000,3.000,5.000
primo,4.200,5.000,3.000,4.000,3.000,4.000,4.000
print,4.400,5.000,4.000,3.000,3.000,3.000,3.000
prior,3.800,5.000,4.000,3.000,4.000,3.000,4.000
prism,4.000,4.000,3.000,3.000,3.000,4.000,3.000
privy,4.200,5.000,4.000,4.000,4.000,4.000,4.000
prize,4.400,5.000,4.900,4.000,4.000,4.000,4.000
probe,4.600,6.000,3.900,3.000,3.000,3.000,3.000
prone,3.600,5.000,3.200,3.000,3.000,3.000,3.000
prong,4.000,5.000,3.000,4.000,3.000,3.000,4.000
proof,3.200,5.000,4.200,4.000,4.000,4.000,4.000
prose,3.800,4.000,3.000,3.000,3.000,2.000,3.000
proud,3.800,2.000,3.500,4.000,4.000,4.000,3.000
prove,4.400,6.000,4.900,4.000,4.000,4.000,4.000
prowl,4.600,4.000,3.300,3.000,4.000,4.000,4.000
proxy,4.000,3.000,3.000,4.000,5.000,4.000,4.000
prude,4.000,3.000,3.900,3.000,3.000,3.000,3.000
prune,3.800,4.000,4.000,3.000,4.000,3.000,4.000
psalm,4.200,4.000,2.200,3.000,3.000,4.000,3.700
pubic,3.000,4.000,3.800,4.000,4.000,4.000,3.000
pudgy,3.800,2.000,4.000,4.000,4.000,4.000,4.000
puffy,5.200,5.000,4.000,5.000,4.000,4.000,4.000
pulpy,4.400,3.000,4.000,4.000,5.000,5.000,4.000
pulse,3.600,3.000,3.000,3.000,3.000,3.000,3.000
punch,4.800,4.000,3.200,5.000,4.000,4.000,4.000
pupal,4.000,4.000,4.000,3.000,4.000,4.000,4.000
pupil,4.200,4.000,4.000,3.000,4.000,4.000,4.000
puppy,4.600,6.000,5.000,4.000,5.000,5.000,4.000
puree,4.000,4.000,4.000,3.000,3.000,3.000,4.000
purer,4.000,4.000,5.000,4.000,4.000,3.000,4.000
purge,4.800,4.000,3.000,3.000,4.000,4.000,4.000
purse,3.800,4.000,4.000,4.000,3.000,3.000,3.000
pushy,4.800,4.000,3.300,3.000,4.000,4.000,4.000
putty,4.400,6.000,3.900,4.000,3.000,3.000,4.000
pygmy,4.000,5.000,4.000,4.000,4.000,4.000,4.000
quack,5.200,6.000,3.000,4.000,4.000,4.000,3.000
quail,3.800,7.000,3.000,3.000,4.000,4.000,3.000
quake,4.600,6.000,3.300,4.000,3.000,5.000,4.000
qualm,4.000,5.000,3.900,3.000,3.000,3.000,4.000
quark,3.800,7.000,3.000,4.000,4.000,3.000,4.000
quart,4.800,7.000,2.800,4.000,4.000,3.000,4.000
quash,3.800,6.000,4.000,4.000,4.000,3.000,3.000
quasi,4.000,6.000,3.000,2.000,3.000,3.000,3.000
queen,4.400,4.000,5.000,4.000,4.000,4.000,4.000
queer,4.400,4.000,6.000,4.000,3.000,4.000,5.000
quell,4.400,4.000,4.000,4.000,4.000,4.000,4.000
query,4.000,3.000,3.800,3.000,3.000,4.000,4.000
quest,4.200,5.000,3.000,3.000,4.000,4.000,2.000
queue,4.200,4.000,4.000,3.000,4.000,4.000,4.000
quick,4.600,6.000,3.200,3.000,4.000,4.000,3.000
quiet,3.600,5.000,3.100,3.000,4.000,4.000,4.000
quill,4.600,7.000,4.100,4.000,4.000,4.000,4.000
quilt,4.400,8.000,4.200,4.000,4.000,4.000,4.000
quirk,4.000,6.000,3.100,3.000,3.000,3.000,4.000
quite,4.800,7.000,3.600,4.000,3.000,3.000,4.000
quota,3.800,6.000,3.200,4.000,2.000,3.000,4.000
quote,3.400,3.000,3.000,3.000,2.000,3.000,4.000
quoth,4.600,5.000,3.100,4.000,3.000,4.000,3.000
rabbi,4.000,5.000,4.800,3.000,3.000,3.000,3.000
rabid,4.000,5.000,3.800,3.000,3.000,4.000,3.000
racer,5.000,4.000,3.500,3.000,3.000,5.000,4.000
radar,4.200,5.000,3.400,3.000,3.000,3.000,3.000
radii,4.600,5.000,4.800,3.000,3.000,4.000,3.000
radio,3.600,4.000,3.800,3.000,3.000,3.000,3.000
rainy,3.200,5.000,3.200,2.000,3.000,3.000,3.000
raise,3.400,5.000,3.000,1.000,2.000,3.000,2.000
rajah,4.200,6.000,4.000,3.000,3.000,4.000,4.000
rally,4.600,4.000,3.300,3.000,3.000,3.000,3.000
ralph,3.200,4.000,3.000,3.000,3.000,3.000,4.000
ramen,4.000,5.000,2.900,3.000,3.000,4.000,2.000
ranch,3.600,4.000,3.800,3.000,3.000,3.000,3.000
randy,4.000,4.000,3.200,3.000,4.000,3.000,3.000
range,3.800,4.000,3.000,2.000,3.000,3.000,3.000
rapid,3.800,4.000,4.800,3.000,4.000,4.000,4.000
rarer,4.200,6.000,5.200,3.000,3.000,5.000,3.000
raspy,3.800,4.000,3.000,2.000,3.000,3.000,2.000
ratio,4.400,5.000,3.000,3.000,2.000,4.000,2.000
ratty,4.800,5.000,3.000,3.000,2.000,4.000,3.000
raven,4.600,6.000,3.900,3.000,4.000,4.000,3.000
rayon,3.600,4.000,3.200,3.000,2.000,3.000,3.000
razor,4.600,5.000,4.200,3.000,3.000,4.000,3.000
reach,2.800,6.000,3.200,3.000,3.000,3.000,3.000
react,3.800,5.000,2.000,3.000,2.000,3.000,2.000
ready,4.200,4.000,2.200,3.000,3.000,3.000,4.000
realm,3.200,4.000,2.900,3.000,3.000,3.000,2.000
rearm,4.000,6.000,4.200,4.000,3.000,4.000,3.000
rebar,4.200,6.000,4.000,3.000,3.000,4.000,3.000
rebel,4.200,5.000,4.200,4.000,3.000,4.000,4.000
rebus,3.400,4.000,3.800,2.000,3.000,3.000,3.000
rebut,4.200,5.000,3.400,3.000,3.000,4.000,3.000
recap,3.800,4.000,3.300,3.000,3.000,4.000,3.000
recur,4.200,5.000,3.900,4.000,3.000,3.000,3.000
recut,4.000,5.000,3.900,3.000,3.000,4.000,2.000
reedy,3.600,4.000,4.000,3.000,4.000,3.000,3.000
refer,4.600,5.000,6.000,4.000,3.000,4.000,3.000
refit,3.800,6.000,3.800,3.000,3.000,3.000,4.000
regal,4.400,6.000,2.200,4.000,3.000,3.000,4.000
rehab,3.600,5.000,3.700,4.000,4.000,4.000,3.000
reign,3.600,6.000,3.000,2.000,3.000,4.000,3.000
relax,4.200,5.000,3.000,3.000,3.000,3.000,3.000
relay,4.600,4.000,4.000,3.000,3.000,4.000,3.000
relic,3.200,4.000,3.800,3.000,3.000,4.000,3.000
remit,4.400,6.000,3.000,3.000,3.000,4.000,3.000
renal,4.400,6.000,3.200,3.000,4.000,4.000,3.000
renew,3.600,5.000,3.200,4.000,3.000,4.000,3.000
repay,4.000,4.000,3.400,3.000,3.000,4.000,3.000
repel,4.400,4.000,5.200,4.000,3.000,4.000,3.000
reply,3.600,3.000,3.100,3.000,3.000,4.000,3.000
rerun,4.000,5.000,4.200,4.000,4.000,3.000,4.000
reset,3.600,4.000,3.800,3.000,3.000,3.000,2.000
resin,3.400,4.000,3.000,2.000,3.000,3.000,2.000
retch,3.800,6.000,3.400,3.000,3.000,4.000,3.000
retro,4.800,4.000,3.900,3.000,2.000,3.000,2.000
retry,4.000,4.000,4.400,3.000,3.000,3.000,3.000
reuse,3.800,4.000,3.000,2.000,3.000,3.000,2.000
revel,4.200,5.000,3.200,4.000,4.000,5.000,3.000
revue,3.400,4.000,4.900,3.000,3.000,4.000,3.000
rhino,3.200,5.000,3.800,2.000,2.000,4.000,3.000
rhyme,2.800,4.000,4.000,3.000,3.000,4.000,3.000
rider,4.800,4.000,4.900,3.000,4.000,3.000,3.000
ridge,4.200,4.000,4.000,3.000,3.000,3.000,3.000
rifle,3.800,4.000,3.300,2.000,3.000,4.000,3.000
right,4.600,6.000,4.800,3.000,2.000,3.000,2.000
rigid,3.600,5.000,4.000,3.000,2.000,3.000,3.000
rigor,3.400,5.000,4.800,3.000,3.000,4.000,3.000
rinse,4.000,5.000,3.000,2.000,3.000,3.000,2.000
ripen,3.800,5.000,3.100,4.000,3.000,3.000,4.000
riper,4.000,5.000,4.200,3.000,3.000,3.000,3.000
risen,4.200,5.000,2.800,3.000,3.000,3.000,3.000
riser,5.200,5.000,4.600,3.000,4.000,4.000,2.000
risky,4.000,4.000,3.300,2.000,3.000,3.000,2.000
rival,4.000,4.000,3.000,2.000,3.000,3.000,3.000
river,5.400,7.000,5.300,3.000,4.000,4.000,3.000
rivet,4.200,7.000,2.600,3.000,3.000,4.000,2.000
roach,3.800,4.000,3.000,3.000,2.000,2.000,2.000
roast,4.800,5.000,2.200,2.000,2.000,2.000,2.000
robin,3.200,5.000,3.800,2.000,3.000,3.000,3.000
robot,3.400,6.000,4.000,3.000,2.000,3.000,3.000
rocky,4.400,3.000,3.200,3.000,3.000,3.000,4.000
rodeo,3.600,4.000,3.900,3.000,3.000,4.000,3.000
roger,5.600,5.000,7.800,4.000,3.000,3.000,3.000
rogue,3.800,4.000,4.000,2.000,2.000,3.000,3.000
roomy,3.800,4.000,3.800,3.000,3.000,3.000,3.000
roost,4.000,5.000,3.300,2.000,3.000,2.000,2.000
rotor,4.600,6.000,4.200,3.000,3.000,4.000,2.000
rouge,3.600,5.000,3.900,3.000,3.000,4.000,4.000
rough,4.200,4.000,4.000,3.000,3.000,4.000,3.000
round,5.000,4.000,3.000,3.000,3.000,3.000,2.000
rouse,4.000,4.000,2.000,3.000,3.000,3.000,3.000
route,3.200,5.000,4.000,3.000,2.000,3.000,2.000
rover,5.600,6.000,6.000,4.000,3.000,4.000,3.000
rowdy,4.800,4.000,3.800,3.000,3.000,4.000,3.000
rower,6.000,6.000,6.000,4.000,3.000,3.000,4.000
royal,3.600,4.000,2.300,3.000,2.000,3.000,3.000
ruddy,4.200,4.000,5.000,3.000,3.000,4.000,3.000
ruder,3.800,4.000,4.100,3.000,4.000,3.000,3.000
rugby,4.200,4.000,4.000,3.000,3.000,3.000,3.000
ruler,4.200,4.000,3.200,3.000,3.000,4.000,3.000
rumba,3.800,4.000,4.000,3.000,4.000,4.000,3.000
rumor,3.800,4.000,4.100,3.000,3.000,4.000,3.000
rupee,4.000,4.000,3.000,3.000,3.000,3.000,4.000
rural,4.000,4.000,4.000,2.000,3.000,3.000,3.000
rusty,3.400,4.000,4.800,2.000,2.000,3.000,2.000
sadly,4.200,3.000,2.800,3.000,4.000,3.000,3.000
safer,4.400,6.000,4.000,3.000,3.000,3.000,4.000
saint,4.200,7.000,2.800,2.000,4.000,3.000,3.000
salad,3.800,4.000,3.800,3.000,3.000,3.000,3.000
sally,3.400,6.000,3.000,4.000,4.000,3.000,3.000
salon,3.600,5.000,2.200,3.000,3.000,2.000,3.000
salsa,4.400,6.000,4.800,3.000,4.000,3.000,3.000
salty,3.800,5.000,2.200,3.000,3.000,3.000,3.000
salve,4.200,5.000,2.000,3.000,4.000,3.000,3.000
salvo,4.000,6.000,3.200,3.000,3.000,3.000,3.000
sandy,4.000,5.000,3.800,3.000,4.000,3.000,3.000
saner,5.200,6.000,3.000,2.000,4.000,3.000,3.000
sappy,4.000,5.000,5.000,4.000,4.000,4.000,4.000
sassy,5.200,8.000,6.000,3.000,4.000,4.000,3.000
satin,3.800,8.000,3.800,3.000,3.000,3.000,3.000
satyr,3.800,5.000,2.800,2.000,3.000,3.000,2.000
sauce,4.400,4.000,2.200,3.000,4.000,2.000,3.000
saucy,4.200,3.000,2.400,4.000,4.000,3.000,3.000
sauna,4.600,6.000,3.000,3.000,3.000,4.000,3.000
saute,4.600,6.000,2.000,3.000,3.000,3.000,3.000
savor,3.800,6.000,3.000,3.000,4.000,2.000,3.000
savoy,4.800,5.000,3.000,3.000,3.000,3.000,3.000
savvy,3.800,8.000,4.000,4.000,4.000,4.000,4.000
scald,4.200,3.000,3.300,3.000,4.000,4.000,3.000
scale,4.400,4.000,2.400,3.000,3.000,3.000,3.000
scalp,3.600,3.000,4.300,3.000,4.000,4.000,3.700
scaly,4.800,4.000,2.300,4.000,4.000,4.000,3.300
scamp,3.800,4.000,3.800,3.000,3.000,3.000,3.000
scant,3.800,7.000,3.000,3.000,3.000,4.000,3.000
scare,4.400,4.000,3.000,3.000,3.000,3.000,3.000
scarf,4.400,5.000,4.000,4.000,3.000,3.000,3.000
scary,4.200,4.000,3.000,3.000,4.000,4.000,3.000
scene,3.400,4.000,4.000,3.000,3.000,3.000,4.000
scent,3.400,4.000,3.000,4.000,3.000,3.000,3.000
scion,3.800,6.000,3.000,3.000,3.000,3.000,3.000
scoff,4.200,6.000,4.000,4.000,4.000,4.000,4.000
scold,4.200,3.000,3.800,4.000,3.000,3.000,3.000
scone,3.400,4.000,3.700,4.000,3.000,3.000,3.000
scoop,4.200,4.000,5.000,4.000,4.000,3.000,5.000
scope,4.600,4.000,3.000,3.000,4.000,3.000,3.000
score,5.800,4.000,5.900,3.000,3.000,3.000,4.000
scorn,4.600,4.000,3.200,3.000,4.000,3.000,3.000
scour,3.400,4.000,3.000,4.000,4.000,2.000,3.000
scout,4.200,4.000,4.300,4.000,4.000,3.000,4.000
scowl,4.000,4.000,3.300,4.000,3.000,4.000,4.000
scram,4.000,5.000,3.200,3.000,3.000,3.000,3.000
scrap,3.600,4.000,3.800,3.000,4.000,3.000,3.000
scree,3.600,4.000,3.900,3.000,3.000,2.000,3.000
screw,4.600,4.000,3.600,3.000,4.000,3.000,3.000
scrub,4.200,5.000,3.600,4.000,3.000,3.000,4.000
scrum,4.600,5.000,3.000,3.000,4.000,3.000,3.000
scuba,4.200,6.000,3.100,3.000,3.000,3.000,3.000
sedan,3.600,4.000,3.000,3.000,4.000,3.000,2.000
seedy,4.600,4.000,3.700,3.000,3.000,4.000,3.000
segue,3.600,4.000,4.000,3.000,3.000,3.000,3.000
seize,5.000,5.000,4.000,3.000,4.000,4.000,3.000
semen,4.200,5.000,4.400,4.000,3.000,3.000,3.000
sense,4.400,7.000,3.800,4.000,3.000,3.000,3.000
sepia,4.600,4.000,3.000,2.000,4.000,3.000,3.000
serif,3.400,4.000,3.700,3.000,3.000,3.000,3.000
serum,4.000,4.000,3.000,3.000,4.000,3.000,4.000
serve,4.200,6.000,4.900,4.000,4.000,3.000,3.000
setup,3.800,3.000,3.000,3.000,3.000,3.000,3.000
seven,3.600,6.000,3.400,3.000,4.000,4.000,3.000
sever,4.600,5.000,5.500,3.000,4.000,3.000,3.000
sewer,3.800,5.000,3.700,3.000,4.000,3.000,2.000
shack,5.000,5.000,3.200,4.000,4.000,3.000,3.300
shade,4.000,5.000,7.000,4.000,4.000,4.000,4.000
shady,4.400,5.000,3.200,4.000,4.000,3.000,3.700
shaft,3.600,6.000,3.800,3.000,3.000,3.000,3.000
shake,4.800,7.000,5.600,3.000,4.000,3.000,4.000
shaky,3.800,6.000,3.200,3.000,3.000,3.000,3.000
shale,5.200,5.000,3.600,3.000,4.000,3.000,3.000
shall,3.400,6.000,3.100,4.000,3.000,3.000,3.600
shalt,4.000,6.000,2.800,3.000,3.000,3.000,2.000
shame,4.800,5.000,5.000,4.000,3.000,4.000,3.000
shank,4.200,6.000,4.000,4.000,3.000,4.000,3.000
shape,5.000,5.000,3.000,4.000,4.000,4.000,4.000
shard,4.400,4.000,3.000,3.000,3.000,3.000,3.000
share,4.000,6.000,2.000,3.000,4.000,3.000,3.000
shark,5.000,6.000,2.000,4.000,3.000,3.000,4.000
sharp,4.000,5.000,4.000,4.000,4.000,4.000,3.000
shave,5.400,7.000,3.600,4.000,4.000,4.000,4.000
shawl,3.800,5.000,3.700,4.000,4.000,3.000,4.000
shear,4.600,5.000,3.600,3.000,4.000,3.000,3.000
sheen,3.800,6.000,4.400,4.000,3.000,4.000,3.000
sheep,4.600,5.000,3.400,3.000,3.000,3.000,3.000
sheer,4.600,5.000,4.200,3.000,4.000,3.000,3.000
sheet,4.600,6.000,3.200,4.000,3.000,3.000,3.000
sheik,4.200,5.000,3.000,3.000,3.000,3.000,3.000
shelf,3.800,6.000,2.300,4.000,4.000,4.000,4.100
shell,4.800,6.000,3.100,4.000,5.000,4.000,5.800
shied,3.600,4.000,3.000,3.000,3.000,3.000,4.000
shift,3.800,6.000,3.000,3.000,3.000,3.000,3.000
shine,4.000,6.000,4.100,3.000,4.000,3.000,4.000
shiny,3.400,6.000,3.000,4.000,4.000,3.000,3.000
shire,4.200,6.000,3.000,3.000,3.000,2.000,3.000
shirk,4.400,7.000,3.200,2.000,3.000,3.000,4.000
shirt,4.400,7.000,4.000,3.000,3.000,3.000,3.000
shoal,3.800,5.000,3.000,3.000,4.000,3.000,3.000
shock,3.400,5.000,3.000,4.000,3.000,3.000,5.000
shone,4.600,6.000,3.300,3.000,3.000,4.000,3.000
shook,4.000,6.000,4.000,4.000,4.000,4.000,4.000
shoot,3.600,6.000,3.800,4.000,4.000,3.000,3.000
shore,5.200,5.000,4.800,3.000,3.000,3.000,3.000
shorn,3.600,6.000,2.200,4.000,4.000,3.000,4.000
short,3.800,6.000,3.800,3.000,3.000,3.000,3.000
shout,3.800,5.000,4.200,4.000,3.000,4.000,3.000
shove,4.800,8.000,3.800,4.000,4.000,4.000,4.000
shown,4.400,6.000,3.200,3.000,3.000,3.000,4.000
showy,4.200,5.000,3.800,4.000,4.000,4.000,4.000
shrew,4.000,5.000,2.600,3.000,5.000,4.000,3.000
shrub,3.600,6.000,3.000,3.000,3.000,3.000,3.000
shrug,3.800,6.000,3.800,4.000,4.000,3.000,4.000
shuck,4.400,5.000,3.200,3.000,4.000,3.000,4.000
shunt,4.800,6.000,3.700,4.000,2.000,3.000,3.000
shush,4.000,6.000,4.000,3.000,4.000,3.000,3.000
shyly,4.000,5.000,3.900,4.000,3.000,3.000,4.000
siege,4.000,6.000,3.700,3.000,3.000,3.000,4.000
sieve,4.600,6.000,4.000,3.000,3.000,3.000,3.000
sight,4.000,6.000,3.800,3.000,3.000,3.000,4.000
sigma,3.400,6.000,4.000,3.000,4.000,3.000,4.000
silky,4.400,5.000,2.500,4.000,3.000,3.000,3.000
silly,3.800,6.000,3.300,3.000,4.000,3.000,3.000
since,4.400,4.000,3.700,3.000,3.000,3.000,3.000
sinew,3.400,6.000,3.000,3.000,3.000,4.000,3.000
singe,4.000,6.000,3.300,2.000,3.000,3.000,3.000
siren,4.000,6.000,2.700,3.000,4.000,3.000,3.000
sissy,5.000,7.000,4.000,3.000,3.000,3.000,3.000
sixth,3.600,7.000,2.400,3.000,3.000,4.000,3.000
sixty,4.000,7.000,3.000,3.000,3.000,3.000,4.000
skate,4.600,8.000,2.000,4.000,3.000,3.000,3.000
skier,3.800,7.000,3.800,2.000,4.000,3.000,3.000
skiff,3.600,8.000,4.000,3.000,4.000,3.000,4.000
skill,4.800,8.000,2.900,3.000,4.000,3.000,4.000
skimp,3.800,6.000,3.800,4.000,3.000,4.000,3.000
skirt,3.600,8.000,3.500,3.000,4.000,3.000,3.000
skulk,3.800,5.000,3.000,4.000,3.000,3.000,3.000
skull,4.000,5.000,3.800,4.000,4.000,3.000,4.000
skunk,4.600,8.000,4.800,4.000,3.000,3.000,4.000
slack,4.000,5.000,2.800,3.000,3.000,3.000,3.000
slain,3.400,7.000,2.200,3.000,3.000,3.000,3.700
slang,4.200,6.000,3.200,3.000,3.000,3.000,3.700
slant,3.800,7.000,2.200,3.000,3.000,3.000,3.000
slash,4.600,6.000,4.000,2.000,4.000,3.000,3.000
slate,5.000,6.000,1.400,3.000,3.000,3.000,3.000
slave,4.400,6.000,2.400,3.000,3.000,3.000,3.000
sleek,5.400,5.000,3.000,3.000,3.000,3.000,4.000
sleep,4.200,4.000,2.200,3.000,4.000,3.000,3.000
sleet,3.600,5.000,3.000,3.000,2.000,3.000,3.000
slept,4.400,3.000,2.200,3.000,3.000,3.000,3.000
slice,3.800,4.000,3.200,4.000,4.000,4.000,3.000
slick,4.600,5.000,3.000,3.000,3.000,3.000,3.000
slide,5.200,4.000,4.200,4.000,4.000,4.000,4.000
slime,3.800,5.000,2.200,4.000,4.000,4.000,3.000
slimy,3.200,4.000,3.000,3.000,2.000,3.000,3.000
sling,4.200,6.000,3.000,3.000,4.000,4.000,3.000
slink,4.200,6.000,2.800,3.000,4.000,4.000,4.000
sloop,4.200,3.000,4.800,4.000,3.000,3.000,4.000
slope,4.000,4.000,3.200,4.000,3.000,3.000,3.000
slosh,4.200,5.000,4.000,3.000,4.000,3.000,3.000
sloth,4.400,5.000,2.200,4.000,3.000,3.000,3.000
slump,4.200,4.000,3.000,4.000,3.000,3.000,4.000
slung,3.200,6.000,3.000,3.000,3.000,4.000,3.000
slunk,4.800,6.000,2.200,4.000,4.000,3.000,4.000
slurp,3.200,4.000,4.000,3.000,3.000,3.000,3.000
slush,4.400,7.000,4.000,3.000,4.000,3.000,3.000
slyly,4.000,4.000,4.200,3.000,3.000,3.000,3.000
smack,4.400,5.000,3.800,4.000,4.000,3.000,3.000
small,4.000,5.000,4.100,3.000,4.000,4.000,3.300
smart,4.200,7.000,2.800,3.000,3.000,3.000,2.000
smash,4.000,6.000,3.200,4.000,3.000,3.000,4.000
smear,4.800,5.000,3.000,3.000,3.000,3.000,3.000
smell,5.000,6.000,5.000,4.000,4.000,4.000,3.100
smelt,3.800,6.000,3.000,3.000,3.000,3.000,3.000
smile,4.600,5.000,3.200,3.000,3.000,3.000,3.000
smirk,3.200,6.000,3.000,3.000,4.000,3.000,3.000
smite,3.800,6.000,2.000,3.000,3.000,3.000,3.000
smith,4.400,6.000,3.000,4.000,3.000,3.000,3.000
smock,3.800,5.000,3.800,4.000,4.000,4.000,4.000
smoke,4.000,6.000,4.000,4.000,3.000,3.000,4.000
smoky,4.000,5.000,3.800,3.000,4.000,4.000,3.000
smote,3.600,6.000,3.000,3.000,3.000,3.000,4.000
snack,4.600,7.000,3.400,4.000,4.000,4.000,3.000
snail,4.000,7.000,3.200,2.000,3.000,4.000,3.000
snake,4.400,6.000,4.800,3.000,4.000,3.000,4.000
snaky,4.200,6.000,3.000,4.000,4.000,3.000,3.000
snare,4.800,6.000,4.000,3.000,4.000,3.000,3.000
snarl,4.000,5.000,4.200,3.000,4.000,3.000,3.000
sneak,3.400,6.000,2.800,3.000,4.000,3.000,3.000
sneer,3.400,6.000,5.200,3.000,5.000,3.000,4.000
snide,4.600,6.000,3.800,3.000,3.000,3.000,4.000
sniff,4.400,6.000,4.000,4.000,4.000,4.000,4.000
snipe,4.600,7.000,3.000,3.000,4.000,3.000,3.000
snoop,4.600,7.000,4.000,4.000,3.000,4.000,4.000
snore,4.800,6.000,3.900,4.000,3.000,3.000,5.000
snort,4.600,7.000,3.400,3.000,3.000,3.000,3.000
snout,4.200,6.000,5.000,3.000,3.000,4.000,3.000
snowy,4.000,6.000,3.000,3.000,3.000,4.000,3.000
snuck,4.200,6.000,3.800,4.000,4.000,4.000,4.000
snuff,4.000,6.000,4.800,3.000,4.000,3.000,4.000
soapy,3.800,3.000,4.000,3.000,3.000,2.000,3.000
sober,4.200,5.000,4.200,4.000,4.000,2.000,4.000
soggy,4.400,6.000,3.200,3.000,4.000,3.000,3.000
solar,3.800,4.000,2.800,3.000,3.000,2.000,3.000
solid,4.000,4.000,3.100,3.000,3.000,3.000,3.000
solve,4.000,5.000,2.400,3.000,4.000,2.000,3.000
sonar,4.000,6.000,3.000,4.000,3.000,3.000,3.000
sonic,4.200,4.000,3.800,4.000,4.000,3.000,3.000
sooth,4.600,5.000,4.000,3.000,3.000,3.000,3.000
sooty,3.400,5.000,3.000,3.000,3.000,3.000,3.000
sorry,4.000,4.000,3.000,3.000,4.000,2.000,3.000
sound,4.400,4.000,4.000,3.000,4.000,3.000,3.000
south,3.800,5.000,3.000,4.000,3.000,3.000,3.000
sower,3.800,5.000,2.800,4.000,3.000,3.000,3.000
space,3.800,5.000,3.000,3.000,3.000,3.000,3.000
spade,4.200,2.000,4.000,4.000,4.000,4.000,3.000
spank,4.200,6.000,3.800,4.000,4.000,4.000,3.700
spare,4.200,5.000,5.000,3.000,4.000,3.000,3.000
spark,3.200,7.000,3.000,3.000,4.000,3.000,3.000
spasm,3.600,5.000,4.000,3.000,4.000,4.000,3.000
spawn,4.000,6.000,4.000,4.000,4.000,4.000,3.000
speak,4.200,5.000,3.000,3.000,4.000,3.000,3.000
spear,4.400,5.000,2.400,3.000,4.000,3.000,3.000
speck,4.400,4.000,3.700,4.000,4.000,3.000,3.000
speed,4.600,4.000,3.800,3.000,4.000,4.000,4.000
spell,4.600,5.000,3.800,3.000,4.000,3.000,4.900
spelt,3.600,5.000,2.000,2.000,4.000,3.000,3.000
spend,3.600,4.000,3.000,4.000,3.000,4.000,3.000
spent,3.600,5.000,2.200,3.000,4.000,3.000,3.000
sperm,4.200,5.000,2.800,3.000,4.000,2.000,4.000
spice,4.200,5.000,3.100,4.000,3.000,4.000,3.000
spicy,3.400,3.000,3.800,3.000,4.000,4.000,3.000
spied,4.000,4.000,3.400,2.000,4.000,3.000,3.000
spiel,3.600,4.000,2.800,3.000,3.000,3.000,3.000
spike,4.200,7.000,4.800,3.000,4.000,4.000,3.000
spiky,4.200,7.000,3.200,3.000,4.000,4.000,4.000
spill,3.600,5.000,3.500,3.000,4.000,3.000,5.000
spilt,4.400,5.000,2.200,4.000,3.000,3.000,3.000
spine,4.600,7.000,3.400,3.000,4.000,3.000,3.000
spiny,5.000,5.000,4.000,3.000,4.000,4.000,4.000
spire,4.400,5.000,2.400,2.000,3.000,3.000,3.000
spite,5.400,7.000,3.000,3.000,3.000,4.000,3.000
splat,3.800,5.000,2.400,3.000,4.000,3.000,2.000
split,3.600,5.000,3.200,3.000,4.000,3.000,3.000
spoil,3.800,4.000,3.700,3.000,4.000,3.000,3.000
spoke,4.800,4.000,3.100,3.000,4.000,4.000,3.000
spoof,4.400,6.000,4.400,4.000,4.000,4.000,4.000
spook,4.400,8.000,3.400,4.000,4.000,4.000,3.000
spool,4.200,4.000,4.000,4.000,3.000,3.000,3.000
spoon,4.800,7.000,3.200,3.000,3.000,4.000,3.000
spore,4.800,4.000,2.700,3.000,3.000,3.000,3.000
sport,4.600,4.000,4.000,4.000,3.000,3.000,3.000
spout,3.200,4.000,3.300,3.000,3.000,4.000,3.000
spray,3.000,4.000,3.200,3.000,3.000,3.000,3.000
spree,4.200,4.000,3.300,3.000,3.000,3.000,4.000
sprig,3.600,6.000,3.800,2.000,3.000,3.000,3.000
spunk,4.400,5.000,3.800,3.000,4.000,4.000,3.000
spurn,3.600,5.000,3.000,3.000,3.000,3.000,3.000
spurt,4.000,6.000,3.000,3.000,3.000,3.000,3.000
squad,3.800,3.000,3.000,4.000,4.000,3.000,3.000
squat,3.800,6.000,3.000,3.000,4.000,3.000,3.000
squib,3.400,6.000,3.900,3.000,3.000,4.000,4.000
stack,5.400,6.000,3.200,3.000,3.000,3.000,3.000
staff,4.000,6.000,5.000,4.000,4.000,4.000,3.000
stage,6.000,6.000,3.000,4.000,3.000,4.000,4.000
staid,4.000,5.000,3.800,3.000,3.000,3.000,3.000
stain,4.200,7.000,3.000,3.000,3.000,4.000,3.000
stair,3.800,9.000,2.800,2.000,3.000,2.000,2.000
stake,5.200,8.000,2.000,3.000,3.000,4.000,3.000
stale,5.000,6.000,2.600,3.000,3.000,3.000,3.000
stalk,4.200,7.000,2.200,4.000,3.000,3.000,3.000
stall,4.200,7.000,3.600,3.000,4.000,3.000,3.000
stamp,4.000,7.000,4.000,3.000,4.000,4.000,3.000
stand,4.600,5.000,3.000,4.000,4.000,4.000,3.000
stank,4.400,7.000,2.000,3.000,3.000,4.000,3.000
stare,4.400,7.000,3.400,3.000,3.000,3.000,2.000
stark,3.800,8.000,3.600,3.000,3.000,3.000,3.000
start,5.400,9.000,3.800,4.000,4.000,4.000,3.000
stash,5.400,7.000,6.200,4.000,4.000,3.000,2.000
state,4.600,9.000,3.600,4.000,3.000,4.000,3.000
stave,5.400,9.000,4.800,4.000,3.000,4.000,3.000
stead,4.200,4.000,4.200,3.000,4.000,3.000,4.000
steak,4.800,7.000,2.400,3.000,4.000,3.000,3.000
steal,4.000,4.000,2.000,3.000,3.000,3.000,3.000
steam,4.000,5.000,3.000,4.000,4.000,4.000,5.000
steed,4.200,4.000,3.200,3.000,3.000,3.000,3.000
steel,4.400,4.000,3.000,3.000,3.000,3.000,3.000
steep,4.000,6.000,3.400,3.000,4.000,4.000,3.000
steer,3.600,6.000,3.600,4.000,3.000,4.000,3.000
stein,3.400,6.000,2.800,3.000,3.000,3.000,3.000
stern,4.400,6.000,3.600,3.000,3.000,3.000,2.000
stick,3.600,6.000,3.600,3.000,4.000,3.000,3.000
stiff,3.800,8.000,4.200,4.000,4.000,4.000,5.000
still,5.000,9.000,3.400,4.000,4.000,4.000,4.000
stilt,4.400,9.000,3.200,4.000,4.000,4.000,3.000
sting,3.600,7.000,3.700,3.000,3.000,3.000,3.000
stink,4.000,7.000,3.400,3.000,4.000,4.000,4.000
stint,4.800,7.000,3.500,4.000,3.000,4.000,3.000
stock,4.200,7.000,3.900,4.000,3.000,3.000,3.000
stoic,3.800,7.000,5.000,3.000,3.000,4.000,3.000
stoke,4.600,7.000,4.000,3.000,3.000,3.000,3.000
stole,3.800,4.000,2.800,4.000,3.000,3.000,3.000
stomp,4.800,5.000,3.900,3.000,3.000,3.000,3.000
stone,4.200,6.000,3.000,3.000,3.000,3.000,3.000
stony,4.000,6.000,3.900,3.000,4.000,4.000,4.000
stood,4.800,4.000,6.000,3.000,4.000,3.000,3.000
stool,4.400,5.000,3.600,4.000,4.000,3.000,4.000
stoop,4.400,8.000,4.500,4.000,4.000,4.000,5.000
store,5.000,7.000,2.000,3.000,3.000,3.000,3.000
stork,4.600,6.000,3.300,4.000,4.000,4.000,2.000
storm,4.800,5.000,4.100,4.000,4.000,4.000,3.000
story,4.200,4.000,3.100,4.000,4.000,4.000,4.000
stout,5.600,6.000,3.800,4.000,4.000,4.000,3.000
stove,5.000,7.000,5.000,3.000,3.000,4.000,4.000
strap,3.800,7.000,2.800,3.000,3.000,3.000,4.000
straw,3.400,7.000,4.000,3.000,3.000,3.000,3.000
stray,4.400,5.000,2.200,4.000,3.000,3.000,3.000
strip,3.800,6.000,3.300,3.000,3.000,3.000,3.000
strut,3.800,7.000,3.300,3.000,3.000,3.000,3.000
stuck,4.200,6.000,3.800,3.000,4.000,3.000,3.000
study,4.800,4.000,4.800,4.000,4.000,4.000,5.000
stuff,3.800,6.000,5.800,4.000,4.000,4.000,4.000
stump,4.200,5.000,3.700,3.000,4.000,4.000,3.000
stung,3.800,7.000,3.500,4.000,3.000,4.000,4.000
stunk,3.600,8.000,3.100,3.000,4.000,4.000,3.000
stunt,4.200,7.000,3.600,3.000,3.000,4.000,3.000
style,3.600,3.000,2.200,3.000,3.000,3.000,3.000
suave,4.800,5.000,3.800,4.000,3.000,4.000,3.000
sugar,4.200,6.000,3.000,3.000,3.000,3.000,3.000
suing,4.400,7.000,3.300,3.000,4.000,3.000,3.000
suite,4.200,6.000,4.000,4.000,3.000,4.000,4.000
sulky,3.800,5.000,3.000,4.000,4.000,3.000,3.000
sully,5.000,4.000,3.400,4.000,4.000,4.000,4.000
sumac,3.600,5.000,3.100,4.000,4.000,3.000,3.000
sunny,3.600,6.000,4.000,3.000,3.000,4.000,3.000
super,3.600,4.000,3.400,4.000,3.000,3.000,4.000
surer,4.600,5.000,4.100,3.000,4.000,4.000,3.000
surge,4.200,5.000,2.900,3.000,4.000,3.000,4.000
surly,4.000,4.000,2.900,4.000,3.000,3.000,3.000
sushi,3.200,6.000,3.900,3.000,4.000,3.000,4.000
swami,4.400,6.000,4.000,3.000,3.000,3.000,4.000
swamp,3.600,7.000,3.000,3.000,4.000,4.000,3.300
swarm,4.000,7.000,4.000,4.000,4.000,4.000,3.000
swash,4.600,9.000,4.000,4.000,4.000,4.000,3.000
swath,3.400,8.000,2.200,4.000,2.000,4.000,4.000
swear,3.400,6.000,5.000,3.000,4.000,4.000,3.000
sweat,4.000,7.000,2.800,3.000,3.000,3.000,3.000
sweep,3.600,6.000,3.500,4.000,4.000,4.000,4.000
sweet,3.600,5.000,4.200,3.000,4.000,4.000,3.000
swell,4.400,5.000,3.000,4.000,4.000,4.000,4.000
swept,4.000,5.000,3.000,3.000,4.000,3.000,3.000
swift,4.600,7.000,4.000,4.000,4.000,4.000,4.000
swill,4.000,7.000,4.100,3.000,4.000,4.000,3.000
swine,4.200,6.000,3.100,4.000,4.000,4.000,5.000
swing,5.200,7.000,4.200,4.000,3.000,4.000,4.000
swirl,3.800,5.000,3.000,3.000,3.000,3.000,4.000
swish,4.200,7.000,3.200,3.000,4.000,3.000,3.000
swoon,5.200,5.000,4.000,4.000,4.000,4.000,4.000
swoop,3.800,7.000,4.000,4.000,4.000,4.000,4.000
sword,3.800,4.000,3.000,4.000,4.000,3.000,4.000
swore,5.200,7.000,3.100,3.000,4.000,4.000,3.000
sworn,4.400,7.000,3.600,3.000,4.000,3.000,3.000
swung,4.400,7.000,3.700,4.000,4.000,4.000,4.000
synod,3.200,2.000,3.200,4.000,4.000,3.000,3.000
syrup,3.400,3.000,4.000,4.000,4.000,3.000,3.000
tabby,5.200,8.000,4.900,3.000,3.000,4.000,3.000
table,4.600,6.000,2.200,4.000,3.000,3.000,3.000
taboo,4.400,5.000,3.800,3.000,3.000,3.000,3.000
tacit,3.800,6.000,3.900,3.000,3.000,3.000,3.000
tacky,4.400,7.000,3.800,4.000,4.000,4.000,4.000
taffy,4.200,6.000,4.900,4.000,4.000,4.000,5.000
taint,3.800,6.000,4.100,4.000,4.000,4.000,4.000
taken,3.800,7.000,3.000,3.000,4.000,4.000,3.000
taker,5.600,8.000,5.000,4.000,4.000,4.000,4.000
tally,5.200,7.000,3.000,4.000,4.000,3.000,4.000
talon,4.400,7.000,2.800,3.000,3.000,3.000,3.000
tamer,4.200,7.000,3.000,3.000,4.000,4.000,5.000
tango,4.200,6.000,3.000,3.000,4.000,4.000,3.000
tangy,4.200,6.000,4.000,3.000,3.000,4.000,4.000
taper,4.000,5.000,4.000,3.000,4.000,4.000,3.000
tapir,3.400,6.000,3.100,2.000,3.000,4.000,3.000
tardy,3.600,5.000,4.000,3.000,3.000,4.000,3.000
tarot,4.200,6.000,3.600,3.000,3.000,4.000,2.000
taste,3.800,8.000,7.000,3.000,4.000,3.000,4.000
tasty,4.600,7.000,5.000,4.000,4.000,4.000,3.000
tatty,4.800,8.000,6.000,4.000,5.000,5.000,4.000
taunt,5.000,7.000,6.600,4.000,5.000,5.000,4.000
tawny,3.400,6.000,3.000,3.000,3.000,3.000,4.000
teach,4.000,7.000,3.200,3.000,3.000,3.000,3.000
teary,4.600,7.000,3.000,3.000,3.000,3.000,2.000
tease,3.600,6.000,2.000,3.000,3.000,3.000,2.000
teddy,4.200,3.000,4.000,3.000,4.000,4.000,4.000
teeth,3.400,4.000,4.400,3.000,3.000,3.000,3.000
tempo,4.000,4.000,3.900,4.000,3.000,3.000,3.000
tenet,3.600,5.000,4.800,3.000,4.000,3.000,3.000
tenor,3.600,5.000,3.100,3.000,3.000,3.000,3.000
tense,4.400,7.000,3.000,3.000,3.000,3.000,2.000
tenth,3.600,6.000,3.400,3.000,3.000,3.000,4.000
tepee,4.000,4.000,4.000,3.000,3.000,3.000,3.000
tepid,4.000,4.000,3.100,4.000,4.000,4.000,3.000
terra,3.600,5.000,4.000,4.000,3.000,3.000,2.000
terse,4.200,5.000,3.600,3.000,3.000,3.000,2.000
testy,3.400,5.000,3.200,4.000,3.000,3.000,3.000
thank,3.200,6.000,3.000,4.000,3.000,3.000,2.000
theft,3.200,6.000,4.500,4.000,4.000,4.000,3.000
their,3.400,5.000,3.000,4.000,3.000,3.000,4.000
theme,3.200,5.000,4.000,4.000,3.000,4.000,3.000
there,4.000,6.000,3.600,4.000,3.000,2.000,3.000
these,3.800,5.000,3.000,3.000,3.000,3.000,3.000
theta,3.200,7.000,3.000,3.000,3.000,4.000,3.000
thick,4.400,7.000,3.000,3.000,3.000,3.000,3.000
thief,4.000,5.000,3.200,3.000,3.000,3.000,3.000
thigh,3.600,6.000,3.200,3.000,4.000,3.000,3.000
thing,4.200,6.000,3.000,4.000,3.000,3.000,4.000
think,4.200,6.000,4.000,4.000,4.000,4.000,3.000
third,4.000,5.000,3.900,4.000,3.000,3.000,3.000
thong,4.200,5.000,3.800,4.000,3.000,3.000,3.000
thorn,3.200,5.000,3.700,4.000,3.000,3.000,3.000
those,3.000,8.000,2.000,3.000,3.000,3.000,2.000
three,3.600,5.000,3.000,4.000,3.000,4.000,3.000
threw,3.400,5.000,3.700,4.000,3.000,4.000,4.000
throb,3.600,6.000,3.100,4.000,3.000,3.000,3.000
throw,4.000,6.000,4.000,4.000,4.000,4.000,2.000
thrum,3.600,5.000,3.000,3.000,3.000,3.000,3.000
thumb,4.200,5.000,4.000,3.000,3.000,4.000,3.000
thump,4.800,4.000,3.000,4.000,4.000,4.000,4.000
thyme,3.400,5.000,3.000,4.000,4.000,4.000,4.000
tiara,3.800,8.000,3.000,4.000,3.000,3.000,3.000
tibia,4.000,7.000,3.700,4.000,3.000,3.000,3.000
tidal,3.400,3.000,3.800,3.000,3.000,3.000,4.000
tiger,4.200,7.000,3.000,4.000,4.000,5.000,3.000
tight,6.600,7.000,4.600,5.000,5.000,5.000,5.800
tilde,4.200,3.000,2.600,4.000,3.000,4.000,3.000
timer,5.200,6.000,3.600,4.000,4.000,5.000,4.000
timid,3.600,5.000,4.000,4.000,3.000,4.000,3.000
tipsy,3.800,7.000,3.000,3.000,3.000,4.000,2.000
titan,3.800,7.000,3.700,3.000,4.000,3.000,3.000
tithe,4.400,6.000,3.200,4.000,4.000,3.000,3.000
title,4.200,7.000,3.000,4.000,4.000,3.000,3.000
toast,4.000,7.000,4.800,4.000,3.000,3.000,2.000
today,3.200,3.000,3.600,4.000,3.000,3.000,4.000
toddy,4.000,2.000,4.000,4.000,4.000,3.000,3.000
token,4.400,6.000,3.100,4.000,3.000,3.000,3.000
tonal,3.600,6.000,2.200,3.000,3.000,3.000,3.000
tonga,3.400,6.000,3.100,3.000,3.000,3.000,3.000
tonic,4.600,7.000,3.800,3.000,3.000,4.000,4.000
tooth,4.600,6.000,4.900,4.000,4.000,4.000,3.000
topaz,4.000,4.000,3.400,3.000,3.000,4.000,3.000
topic,4.000,3.000,3.000,3.000,3.000,4.000,3.000
torch,3.800,4.000,3.000,3.000,3.000,3.000,3.000
torso,3.600,5.000,3.000,3.000,2.000,3.000,3.000
torus,3.800,4.000,2.800,3.000,3.000,3.000,3.000
total,4.200,6.000,3.000,4.000,3.000,4.000,3.000
totem,4.600,6.000,4.000,4.000,3.000,3.000,3.000
touch,3.600,4.000,2.400,4.000,3.000,3.000,2.000
tough,3.800,6.000,3.400,5.000,4.000,4.000,3.000
towel,4.000,7.000,3.200,4.000,3.000,4.000,3.000
tower,5.200,7.000,4.100,3.000,2.000,3.000,4.000
toxic,4.800,6.000,4.800,4.000,4.000,4.000,5.000
toxin,3.000,7.000,3.200,3.000,3.000,4.000,4.000
trace,3.800,6.000,3.000,4.000,2.000,3.000,3.000
track,4.400,8.000,3.000,4.000,3.000,3.000,4.000
tract,4.200,9.000,3.800,3.000,4.000,3.000,3.000
trade,4.800,5.000,2.200,4.000,3.000,3.000,3.000
trail,5.400,9.000,2.200,4.000,4.000,3.000,2.000
train,4.600,8.000,3.200,4.000,4.000,3.000,3.000
trait,4.000,8.000,4.000,4.000,4.000,3.000,3.000
tramp,3.200,5.000,4.000,4.000,3.000,3.000,3.000
trash,4.200,7.000,2.800,3.000,3.000,3.000,2.000
trawl,4.400,8.000,3.200,3.000,4.000,3.000,3.000
tread,3.600,6.000,3.000,3.000,3.000,3.000,3.000
treat,3.400,9.000,4.000,3.000,4.000,4.000,2.000
trend,3.800,5.000,3.600,3.000,4.000,4.000,3.000
triad,4.000,8.000,3.300,3.000,4.000,4.000,3.000
trial,4.000,9.000,3.000,3.000,3.000,3.000,3.000
tribe,4.600,9.000,4.000,4.000,3.000,3.000,5.000
trice,4.400,5.000,2.000,4.000,3.000,4.000,4.000
trick,4.400,7.000,3.200,4.000,3.000,4.000,4.000
tried,5.200,5.000,3.000,3.000,4.000,4.000,4.000
tripe,3.800,5.000,3.000,3.000,3.000,4.000,4.000
trite,4.600,9.000,3.400,4.000,2.000,4.000,3.000
troll,4.200,4.000,4.200,3.000,3.000,4.000,3.000
troop,3.800,5.000,3.200,3.000,4.000,4.000,4.000
trope,4.200,5.000,4.000,3.000,2.000,4.000,3.000
trout,4.000,6.000,4.000,3.000,4.000,4.000,3.000
trove,5.000,8.000,3.000,4.000,3.000,4.000,4.000
truce,4.200,4.000,3.000,4.000,3.000,3.000,3.000
truck,3.600,4.000,3.200,3.000,3.000,4.000,3.000
truer,5.000,3.000,4.200,3.000,4.000,4.000,3.000
truly,3.800,3.000,3.200,3.000,4.000,3.000,5.000
trump,3.200,4.000,3.400,4.000,4.000,4.000,4.000
trunk,4.600,7.000,3.800,4.000,4.000,3.000,4.000
truss,4.200,4.000,3.000,3.000,3.000,3.000,2.000
trust,4.600,5.000,3.600,3.000,3.000,3.000,3.000
truth,4.200,5.000,3.100,4.000,3.000,4.000,3.000
tryst,3.600,5.000,3.800,3.000,3.000,3.000,3.000
tubal,3.200,7.000,4.000,4.000,4.000,4.000,4.000
tuber,4.400,5.000,3.800,3.000,4.000,4.000,3.000
tulip,4.000,4.000,3.000,3.000,3.000,4.000,3.000
tulle,3.600,5.000,3.000,4.000,3.000,3.000,3.000
tumor,3.800,5.000,3.000,4.000,3.000,3.000,3.000
tunic,4.000,6.000,3.000,3.000,3.000,3.000,3.000
turbo,3.600,5.000,3.900,4.000,4.000,4.000,3.000
tutor,4.600,7.000,4.000,4.000,4.000,3.000,4.000
twang,3.400,7.000,3.200,4.000,4.000,3.000,3.000
tweak,3.200,6.000,3.800,3.000,3.000,4.000,3.000
tweed,4.000,5.000,3.900,3.000,3.000,3.000,4.000
tweet,4.600,4.000,5.000,4.000,3.000,4.000,3.000
twice,3.600,7.000,3.000,3.000,3.000,3.000,4.000
twine,3.800,6.000,3.200,3.000,3.000,4.000,3.000
twirl,3.600,6.000,3.000,4.000,4.000,3.000,3.000
twist,4.000,7.000,3.500,3.000,4.000,3.000,3.000
twixt,3.800,6.000,4.000,3.000,4.000,3.000,3.000
tying,4.000,6.000,3.200,4.000,3.000,4.000,4.000
udder,4.200,3.000,4.000,4.000,3.000,3.000,4.000
ulcer,4.600,3.000,3.900,3.000,4.000,4.000,4.000
ultra,3.800,4.000,2.800,3.000,3.000,4.000,3.000
umbra,3.200,5.000,3.200,4.000,4.000,3.000,3.000
uncle,4.200,3.000,3.200,3.000,3.000,3.000,4.000
uncut,3.800,6.000,3.000,4.000,4.000,3.000,3.000
under,5.000,4.000,3.100,3.000,4.000,4.000,3.000
undid,3.200,3.000,4.000,3.000,4.000,4.000,3.000
undue,4.000,4.000,4.000,4.000,4.000,4.000,4.000
unfed,4.800,5.000,3.000,3.000,4.000,3.000,3.000
unfit,3.600,6.000,3.800,4.000,3.000,4.000,3.000
unify,3.800,6.000,3.900,3.000,4.000,3.000,4.000
union,4.200,5.000,4.000,3.000,4.000,4.000,4.000
unite,4.600,7.000,3.000,3.000,3.000,3.000,3.000
unity,3.800,7.000,3.700,3.000,3.000,3.000,4.000
unlit,5.000,5.000,3.200,3.000,4.000,3.000,3.000
unmet,4.200,5.000,3.900,3.000,4.000,4.000,3.000
unset,3.600,4.000,2.000,3.000,3.000,3.000,3.000
untie,3.400,7.000,3.000,3.000,3.000,3.000,3.000
until,3.400,6.000,3.200,4.000,4.000,3.000,4.000
unwed,3.600,5.000,4.000,4.000,4.000,4.000,4.000
unzip,3.800,4.000,3.200,3.000,4.000,4.000,4.000
upper,4.000,4.000,5.000,4.000,4.000,4.000,4.000
upset,3.600,4.000,3.000,3.000,4.000,4.000,3.000
urban,3.600,6.000,3.000,4.000,4.000,4.000,4.000
urine,3.400,5.000,4.100,3.000,3.000,3.000,3.000
usage,3.600,5.000,3.000,4.000,3.000,3.000,3.000
usher,4.400,5.000,3.000,3.000,4.000,4.000,3.000
using,3.400,7.000,3.900,4.000,3.000,3.000,4.000
usual,4.000,4.000,3.000,4.000,4.000,4.000,3.000
usurp,3.800,6.000,3.600,3.000,4.000,2.000,3.000
utile,3.600,6.000,2.800,3.000,3.000,3.000,3.000
utter,5.200,5.000,3.800,3.000,3.000,4.000,3.000
vague,4.200,6.000,3.800,4.000,3.000,3.000,3.000
valet,3.400,7.000,3.000,3.000,3.000,3.000,3.000
valid,3.600,5.000,3.300,3.000,4.000,3.000,3.000
valor,4.000,6.000,4.000,3.000,4.000,3.000,3.000
value,4.400,6.000,4.000,3.000,3.000,3.000,3.000
valve,4.400,7.000,4.000,4.000,4.000,4.000,4.000
vapid,4.200,5.000,3.900,4.000,4.000,4.000,4.000
vapor,4.400,6.000,3.200,3.000,4.000,4.000,4.000
vault,4.200,5.000,3.200,4.000,4.000,4.000,3.000
vaunt,5.000,8.000,6.000,5.000,5.000,5.000,4.000
vegan,3.600,7.000,3.700,4.000,4.000,4.000,4.000
venom,3.800,4.000,4.000,4.000,3.000,3.000,4.000
venue,4.200,4.000,4.000,3.000,4.000,4.000,3.000
verge,4.200,6.000,5.000,4.000,4.000,4.000,4.000
verse,4.200,6.000,3.000,3.000,4.000,3.000,2.000
verso,3.600,4.000,3.200,3.000,3.000,2.000,3.000
verve,4.200,7.000,5.100,4.000,4.000,4.000,3.000
vicar,3.400,9.000,3.800,3.000,3.000,4.000,3.000
video,4.000,4.000,3.000,4.000,3.000,3.000,4.000
vigil,4.400,6.000,3.900,4.000,4.000,4.000,3.000
vigor,3.600,6.000,3.800,3.000,3.000,4.000,4.000
villa,3.800,4.000,4.000,4.000,4.000,4.000,3.000
vinyl,3.400,5.000,3.300,4.000,4.000,3.000,4.000
viola,3.600,6.000,3.000,3.000,3.000,4.000,3.000
viper,5.000,5.000,3.200,3.000,5.000,5.000,3.000
viral,4.000,8.000,4.000,3.000,4.000,3.000,3.000
virus,3.200,4.000,4.000,3.000,3.000,3.000,3.000
visit,3.600,7.000,3.000,3.000,4.000,3.000,3.000
visor,3.400,6.000,3.000,3.000,4.000,3.000,3.000
vista,4.200,6.000,3.000,3.000,3.000,3.000,3.000
vital,3.800,7.000,3.100,3.000,4.000,4.000,3.000
vivid,4.600,5.000,4.000,4.000,4.000,4.000,4.000
vixen,4.000,6.000,4.000,4.000,4.000,4.000,4.000
vocal,4.400,5.000,4.000,4.000,4.000,4.000,4.000
vodka,4.000,3.000,4.000,4.000,4.000,4.000,4.000
vogue,3.400,4.000,3.800,3.000,3.000,3.000,4.000
voice,4.600,4.000,3.200,3.000,4.000,3.000,4.000
voila,3.800,5.000,3.200,3.000,3.000,3.000,3.000
vomit,4.400,6.000,3.800,3.000,3.000,4.000,3.000
voter,5.000,9.000,3.400,3.000,3.000,3.000,3.000
vouch,3.800,4.000,4.000,5.000,4.000,4.000,4.000
vowel,4.200,8.000,3.000,3.000,4.000,4.000,3.000
vying,4.800,6.000,4.000,4.000,4.000,4.000,4.000
wacky,3.600,7.000,4.000,4.000,4.000,4.000,4.000
wafer,5.000,6.000,5.000,4.000,4.000,5.000,3.000
wager,4.400,6.000,3.000,4.000,5.000,5.000,4.000
wagon,4.000,6.000,3.200,4.000,4.000,4.000,3.000
waist,4.000,6.000,3.000,3.000,3.000,3.000,3.000
waive,3.800,6.000,4.000,2.000,4.000,4.000,4.000
waltz,4.400,5.000,2.200,3.000,3.000,4.000,3.000
warty,4.400,6.000,3.000,4.000,3.000,4.000,3.000
waste,4.400,7.000,5.000,4.000,4.000,4.000,4.000
watch,5.600,7.000,4.800,5.000,5.000,5.000,4.000
water,5.000,8.000,3.200,4.000,3.000,4.000,4.000
waver,4.000,8.000,4.000,5.000,5.000,6.000,4.000
waxen,4.800,7.000,3.000,4.000,4.000,4.000,5.000
weary,4.200,7.000,3.200,4.000,3.000,3.000,3.000
weave,4.000,6.000,4.000,4.000,4.000,4.000,3.000
wedge,4.200,5.000,4.800,4.000,4.000,4.000,3.000
weedy,4.800,5.000,3.200,3.000,4.000,3.000,3.000
weigh,3.600,6.000,3.000,3.000,4.000,4.000,3.000
weird,4.200,6.000,3.000,3.000,3.000,3.000,3.000
welch,4.200,7.000,4.000,4.000,4.000,4.000,3.000
welsh,3.400,6.000,2.200,3.000,3.000,3.000,3.000
wench,4.000,7.000,3.200,4.000,4.000,4.000,3.000
whack,3.800,6.000,4.000,4.000,4.000,4.000,4.000
whale,3.600,6.000,2.200,4.000,4.000,4.000,3.000
wharf,3.800,5.000,3.800,4.000,4.000,4.000,3.000
wheat,3.200,7.000,3.000,4.000,4.000,4.000,3.000
wheel,4.200,5.000,4.200,4.000,4.000,4.000,4.000
whelp,3.000,4.000,4.000,3.000,4.000,4.000,4.000
where,3.800,6.000,4.600,3.000,4.000,3.000,4.000
which,3.800,7.000,4.000,3.000,4.000,4.000,4.000
whiff,4.800,6.000,4.000,4.000,4.000,3.000,4.000
while,4.000,6.000,3.000,3.000,4.000,4.000,4.000
whine,5.200,6.000,4.000,3.000,3.000,4.000,4.000
whiny,4.200,5.000,4.000,4.000,4.000,4.000,4.000
whirl,4.000,5.000,3.200,4.000,3.000,3.000,3.000
whisk,3.600,6.000,3.100,3.000,4.000,3.000,3.000
white,4.000,6.000,3.000,3.000,3.000,4.000,3.000
whole,3.600,4.000,4.000,3.000,3.000,3.000,4.000
whoop,3.600,5.000,3.200,4.000,3.000,4.000,4.000
whose,3.600,7.000,3.000,3.000,4.000,3.000,4.000
widen,4.800,5.000,3.000,3.000,4.000,4.000,3.000
wider,4.400,5.000,3.900,4.000,4.000,4.000,4.000
widow,3.400,4.000,4.000,4.000,4.000,4.000,4.000
width,3.800,5.000,3.200,4.000,3.000,4.000,5.000
wield,4.400,4.000,4.600,4.000,4.000,4.000,5.000
wight,5.200,7.000,6.800,4.000,4.000,4.000,4.000
willy,4.800,8.000,4.100,5.000,4.000,5.000,4.000
wimpy,4.400,5.000,4.000,4.000,3.000,5.000,5.000
wince,4.200,6.000,3.200,4.000,4.000,4.000,5.000
winch,4.600,6.000,5.000,4.000,5.000,4.000,4.000
windy,3.800,6.000,5.100,4.000,4.000,4.000,4.000
wiser,4.600,7.000,3.000,3.000,4.000,4.000,3.000
wispy,3.800,6.000,4.000,3.000,4.000,3.000,4.000
witch,4.200,7.000,4.000,4.000,4.000,4.000,4.000
witty,4.400,7.000,5.900,4.000,4.000,5.000,4.000
woken,4.200,7.000,4.000,4.000,4.000,4.000,4.000
woman,4.000,6.000,3.200,3.000,3.000,3.000,3.000
women,4.200,6.000,5.000,4.000,4.000,3.000,3.000
woody,5.000,6.000,5.000,4.000,4.000,5.000,5.000
wooer,4.000,5.000,4.000,4.000,3.000,3.000,4.000
wooly,5.000,5.000,5.600,4.000,4.000,4.000,3.000
woozy,5.600,6.000,4.800,4.000,4.000,5.000,5.000
wordy,3.400,4.000,3.200,4.000,3.000,4.000,3.000
world,3.600,4.000,3.300,3.000,3.000,4.000,3.000
worry,4.600,6.000,3.900,4.000,4.000,3.000,4.000
worse,3.800,5.000,4.000,3.000,3.000,3.000,3.000
worst,3.400,6.000,2.900,3.000,3.000,3.000,3.000
worth,4.000,6.000,4.000,4.000,3.000,4.000,3.000
would,4.200,3.000,3.900,3.000,4.000,4.000,4.000
wound,5.400,7.000,3.600,5.000,4.000,5.000,5.000
woven,4.800,7.000,3.000,5.000,4.000,3.000,5.000
wrack,5.000,7.000,3.200,4.000,4.000,3.000,3.000
wrath,3.400,6.000,2.400,4.000,2.000,4.000,3.000
wreak,4.800,7.000,4.000,4.000,5.000,5.000,4.000
wreck,4.200,4.000,4.000,4.000,4.000,4.000,4.000
wrest,4.400,6.000,3.600,3.000,4.000,3.000,2.000
wring,5.000,7.000,4.000,4.000,4.000,4.000,4.000
wrist,3.200,7.000,3.000,3.000,4.000,4.000,3.000
write,3.600,7.000,2.200,4.000,3.000,4.000,3.000
wrong,4.400,7.000,4.000,5.000,4.000,4.000,4.000
wrote,4.200,7.000,3.000,4.000,2.000,3.000,4.000
wrung,4.000,7.000,4.000,4.000,4.000,3.000,3.000
wryly,4.600,5.000,4.000,4.000,4.000,4.000,4.000
yacht,3.600,3.000,3.900,3.000,3.000,3.000,3.000
yearn,4.000,4.000,3.000,3.000,3.000,3.000,3.000
yeast,3.400,4.000,2.000,3.000,3.000,3.000,3.000
yield,4.400,3.000,4.000,4.000,4.000,4.000,3.000
young,4.000,4.000,3.000,4.000,3.000,3.000,5.000
youth,4.400,4.000,3.800,3.000,3.000,3.000,3.000
zebra,4.200,5.000,3.800,4.000,4.000,3.000,3.000
zesty,4.600,5.000,2.200,3.000,4.000,4.000,2.000
zonal,4.200,5.000,4.500,4.000,3.000,4.000,3.000
